ISO-10303-21;
HEADER;

/* File generated by Shapr3D Version 26.113.0.11178 */

FILE_DESCRIPTION(('HOOPS Exchange Step'),'2;1');

FILE_NAME('/private/var/mobile/Containers/Data/Application/96EA6774-B8AA-4A85-BAF3-DC6709B29A81/tmp/export/temp_export',
'2026-09-29T16:42:33+02:00',
('mobile'),
('Shapr3D Limited'),
'HOOPS Exchange 2026.3',
'Shapr3D',
'Authorized');

FILE_SCHEMA( ('AP242_MANAGED_MODEL_BASED_3D_ENGINEERING_MIM_LF {1 0 10303 442 1 1 4}') );

ENDSEC;

DATA;
#3=(NAMED_UNIT(*)PLANE_ANGLE_UNIT()SI_UNIT($,.RADIAN.));
#4=PLANE_ANGLE_MEASURE_WITH_UNIT(PLANE_ANGLE_MEASURE(0.0174532925),#3);
#5=(CONVERSION_BASED_UNIT('DEGREE',#4)NAMED_UNIT(#6)PLANE_ANGLE_UNIT());
#6=DIMENSIONAL_EXPONENTS(0.,0.,0.,0.,0.,0.,0.);
#7=(NAMED_UNIT(*)SI_UNIT($,.STERADIAN.)SOLID_ANGLE_UNIT());
#8=(LENGTH_UNIT()NAMED_UNIT(*)SI_UNIT(.MILLI.,.METRE.));
#9=UNCERTAINTY_MEASURE_WITH_UNIT(LENGTH_MEASURE(1.000000E-05),#8,'DISTANCE_ACCURACY_VALUE','Maximum Tolerance applied to model');
#10=(GEOMETRIC_REPRESENTATION_CONTEXT(3)GLOBAL_UNCERTAINTY_ASSIGNED_CONTEXT((#9))GLOBAL_UNIT_ASSIGNED_CONTEXT((#8,#5,#7))REPRESENTATION_CONTEXT('','root'));
#12=CARTESIAN_POINT('',(0.,0.,0.));
#13=DIRECTION('',(0.,0.,1.));
#14=DIRECTION('',(1.,0.,0.));
#15=AXIS2_PLACEMENT_3D('',#12,#13,#14);
#27=CARTESIAN_POINT('',(130.,114.811093478,118.241657704));
#28=DIRECTION('',(0.,1.,0.));
#29=DIRECTION('',(0.,0.,1.));
#30=AXIS2_PLACEMENT_3D('',#27,#28,#29);
#31=PLANE('',#30);
#32=CARTESIAN_POINT('',(115.,114.811093478,88.241657704));
#33=VERTEX_POINT('',#32);
#34=CARTESIAN_POINT('',(145.,114.811093478,88.241657704));
#35=VERTEX_POINT('',#34);
#36=CARTESIAN_POINT('',(115.,114.811093478,88.241657704));
#37=DIRECTION('',(1.,0.,-0.));
#38=VECTOR('',#37,30.);
#39=LINE('',#36,#38);
#40=EDGE_CURVE('',#33,#35,#39,.T.);
#41=ORIENTED_EDGE('',*,*,#40,.T.);
#42=CARTESIAN_POINT('',(145.,114.811093478,118.241657704));
#43=VERTEX_POINT('',#42);
#44=CARTESIAN_POINT('',(145.,114.811093478,118.241657704));
#45=DIRECTION('',(0.,0.,-1.));
#46=VECTOR('',#45,30.);
#47=LINE('',#44,#46);
#48=EDGE_CURVE('',#43,#35,#47,.T.);
#49=ORIENTED_EDGE('',*,*,#48,.F.);
#50=CARTESIAN_POINT('',(115.,114.811093478,118.241657704));
#51=VERTEX_POINT('',#50);
#52=CARTESIAN_POINT('',(115.,114.811093478,118.241657704));
#53=DIRECTION('',(1.,0.,-0.));
#54=VECTOR('',#53,30.);
#55=LINE('',#52,#54);
#56=EDGE_CURVE('',#51,#43,#55,.T.);
#57=ORIENTED_EDGE('',*,*,#56,.F.);
#58=CARTESIAN_POINT('',(115.,114.811093478,118.241657704));
#59=DIRECTION('',(0.,0.,-1.));
#60=VECTOR('',#59,30.);
#61=LINE('',#58,#60);
#62=EDGE_CURVE('',#51,#33,#61,.T.);
#63=ORIENTED_EDGE('',*,*,#62,.T.);
#64=EDGE_LOOP('',(#41,#49,#57,#63));
#65=FACE_BOUND('',#64,.T.);
#66=ADVANCED_FACE('',(#65),#31,.F.);
#67=CARTESIAN_POINT('',(145.,129.811093478,118.241657704));
#68=DIRECTION('',(-1.,0.,0.));
#69=DIRECTION('',(0.,0.,1.));
#70=AXIS2_PLACEMENT_3D('',#67,#68,#69);
#71=PLANE('',#70);
#72=CARTESIAN_POINT('',(145.,144.811093478,88.241657704));
#73=VERTEX_POINT('',#72);
#74=CARTESIAN_POINT('',(145.,114.811093478,88.241657704));
#75=DIRECTION('',(0.,1.,0.));
#76=VECTOR('',#75,30.);
#77=LINE('',#74,#76);
#78=EDGE_CURVE('',#35,#73,#77,.T.);
#79=ORIENTED_EDGE('',*,*,#78,.T.);
#80=CARTESIAN_POINT('',(145.,144.811093478,118.241657704));
#81=VERTEX_POINT('',#80);
#82=CARTESIAN_POINT('',(145.,144.811093478,118.241657704));
#83=DIRECTION('',(0.,0.,-1.));
#84=VECTOR('',#83,30.);
#85=LINE('',#82,#84);
#86=EDGE_CURVE('',#81,#73,#85,.T.);
#87=ORIENTED_EDGE('',*,*,#86,.F.);
#88=CARTESIAN_POINT('',(145.,114.811093478,118.241657704));
#89=DIRECTION('',(0.,1.,0.));
#90=VECTOR('',#89,30.);
#91=LINE('',#88,#90);
#92=EDGE_CURVE('',#43,#81,#91,.T.);
#93=ORIENTED_EDGE('',*,*,#92,.F.);
#94=ORIENTED_EDGE('',*,*,#48,.T.);
#95=EDGE_LOOP('',(#79,#87,#93,#94));
#96=FACE_BOUND('',#95,.T.);
#97=ADVANCED_FACE('',(#96),#71,.F.);
#98=CARTESIAN_POINT('',(130.,144.811093478,118.241657704));
#99=DIRECTION('',(0.,-1.,0.));
#100=DIRECTION('',(0.,0.,-1.));
#101=AXIS2_PLACEMENT_3D('',#98,#99,#100);
#102=PLANE('',#101);
#103=CARTESIAN_POINT('',(115.,144.811093478,88.241657704));
#104=VERTEX_POINT('',#103);
#105=CARTESIAN_POINT('',(145.,144.811093478,88.241657704));
#106=DIRECTION('',(-1.,0.,0.));
#107=VECTOR('',#106,30.);
#108=LINE('',#105,#107);
#109=EDGE_CURVE('',#73,#104,#108,.T.);
#110=ORIENTED_EDGE('',*,*,#109,.T.);
#111=CARTESIAN_POINT('',(115.,144.811093478,118.241657704));
#112=VERTEX_POINT('',#111);
#113=CARTESIAN_POINT('',(115.,144.811093478,118.241657704));
#114=DIRECTION('',(0.,0.,-1.));
#115=VECTOR('',#114,30.);
#116=LINE('',#113,#115);
#117=EDGE_CURVE('',#112,#104,#116,.T.);
#118=ORIENTED_EDGE('',*,*,#117,.F.);
#119=CARTESIAN_POINT('',(145.,144.811093478,118.241657704));
#120=DIRECTION('',(-1.,0.,0.));
#121=VECTOR('',#120,30.);
#122=LINE('',#119,#121);
#123=EDGE_CURVE('',#81,#112,#122,.T.);
#124=ORIENTED_EDGE('',*,*,#123,.F.);
#125=ORIENTED_EDGE('',*,*,#86,.T.);
#126=EDGE_LOOP('',(#110,#118,#124,#125));
#127=FACE_BOUND('',#126,.T.);
#128=ADVANCED_FACE('',(#127),#102,.F.);
#129=CARTESIAN_POINT('',(115.,129.811093478,118.241657704));
#130=DIRECTION('',(1.,0.,0.));
#131=DIRECTION('',(0.,0.,-1.));
#132=AXIS2_PLACEMENT_3D('',#129,#130,#131);
#133=PLANE('',#132);
#134=CARTESIAN_POINT('',(115.,144.811093478,88.241657704));
#135=DIRECTION('',(0.,-1.,0.));
#136=VECTOR('',#135,30.);
#137=LINE('',#134,#136);
#138=EDGE_CURVE('',#104,#33,#137,.T.);
#139=ORIENTED_EDGE('',*,*,#138,.T.);
#140=ORIENTED_EDGE('',*,*,#62,.F.);
#141=CARTESIAN_POINT('',(115.,144.811093478,118.241657704));
#142=DIRECTION('',(0.,-1.,0.));
#143=VECTOR('',#142,30.);
#144=LINE('',#141,#143);
#145=EDGE_CURVE('',#112,#51,#144,.T.);
#146=ORIENTED_EDGE('',*,*,#145,.F.);
#147=ORIENTED_EDGE('',*,*,#117,.T.);
#148=EDGE_LOOP('',(#139,#140,#146,#147));
#149=FACE_BOUND('',#148,.T.);
#150=ADVANCED_FACE('',(#149),#133,.F.);
#151=CARTESIAN_POINT('',(-5.,-95.188906522,118.241657704));
#152=DIRECTION('',(0.,0.,1.));
#153=DIRECTION('',(1.,0.,0.));
#154=AXIS2_PLACEMENT_3D('',#151,#152,#153);
#155=PLANE('',#154);
#156=ORIENTED_EDGE('',*,*,#56,.T.);
#157=ORIENTED_EDGE('',*,*,#92,.T.);
#158=ORIENTED_EDGE('',*,*,#123,.T.);
#159=ORIENTED_EDGE('',*,*,#145,.T.);
#160=EDGE_LOOP('',(#156,#157,#158,#159));
#161=FACE_BOUND('',#160,.T.);
#162=ADVANCED_FACE('',(#161),#155,.T.);
#163=CARTESIAN_POINT('',(-5.,-95.188906522,88.241657704));
#164=DIRECTION('',(0.,0.,1.));
#165=DIRECTION('',(1.,0.,0.));
#166=AXIS2_PLACEMENT_3D('',#163,#164,#165);
#167=PLANE('',#166);
#168=ORIENTED_EDGE('',*,*,#40,.F.);
#169=ORIENTED_EDGE('',*,*,#138,.F.);
#170=ORIENTED_EDGE('',*,*,#109,.F.);
#171=ORIENTED_EDGE('',*,*,#78,.F.);
#172=EDGE_LOOP('',(#168,#169,#170,#171));
#173=FACE_BOUND('',#172,.T.);
#174=ADVANCED_FACE('',(#173),#167,.F.);
#175=CLOSED_SHELL('',(#66,#97,#128,#150,#162,#174));
#176=MANIFOLD_SOLID_BREP('Body 07',#175);
#177=COLOUR_RGB('',0.80392158,0.80392158,0.80392158);
#178=FILL_AREA_STYLE_COLOUR('',#177);
#179=FILL_AREA_STYLE('',(#178));
#180=SURFACE_STYLE_FILL_AREA(#179);
#181=SURFACE_SIDE_STYLE('',(#180));
#182=SURFACE_STYLE_USAGE(.BOTH.,#181);
#183=PRESENTATION_STYLE_ASSIGNMENT((#182));
#26=STYLED_ITEM('',(#183),#176);
#185=CARTESIAN_POINT('',(131.558289316,131.984303369,84.));
#186=DIRECTION('',(0.,0.,-1.));
#187=DIRECTION('',(-1.,0.,0.));
#188=AXIS2_PLACEMENT_3D('',#185,#186,#187);
#189=CYLINDRICAL_SURFACE('',#188,27.);
#190=CARTESIAN_POINT('',(104.558289316,131.984303369,77.));
#191=VERTEX_POINT('',#190);
#192=CARTESIAN_POINT('',(104.558289316,131.984303369,84.));
#193=VERTEX_POINT('',#192);
#194=CARTESIAN_POINT('',(104.558289316,131.984303369,77.));
#195=DIRECTION('',(-0.,-0.,1.));
#196=VECTOR('',#195,7.);
#197=LINE('',#194,#196);
#198=EDGE_CURVE('',#191,#193,#197,.T.);
#199=ORIENTED_EDGE('',*,*,#198,.T.);
#200=CARTESIAN_POINT('',(131.374980857,104.984925635,84.));
#201=VERTEX_POINT('',#200);
#202=CARTESIAN_POINT('',(131.558289316,131.984303369,84.));
#203=DIRECTION('',(0.,0.,1.));
#204=DIRECTION('',(-0.006789202,-0.999976953,0.));
#205=AXIS2_PLACEMENT_3D('',#202,#203,#204);
#206=CIRCLE('',#205,27.);
#207=EDGE_CURVE('',#201,#193,#206,.T.);
#208=ORIENTED_EDGE('',*,*,#207,.F.);
#209=CARTESIAN_POINT('',(131.558289316,131.984303369,84.));
#210=DIRECTION('',(0.,0.,1.));
#211=DIRECTION('',(-0.006789202,-0.999976953,0.));
#212=AXIS2_PLACEMENT_3D('',#209,#210,#211);
#213=CIRCLE('',#212,27.);
#214=EDGE_CURVE('',#193,#201,#213,.T.);
#215=ORIENTED_EDGE('',*,*,#214,.F.);
#216=ORIENTED_EDGE('',*,*,#198,.F.);
#217=CARTESIAN_POINT('',(131.374980857,104.984925635,77.));
#218=VERTEX_POINT('',#217);
#219=CARTESIAN_POINT('',(131.558289316,131.984303369,77.));
#220=DIRECTION('',(0.,0.,1.));
#221=DIRECTION('',(-0.006789202,-0.999976953,0.));
#222=AXIS2_PLACEMENT_3D('',#219,#220,#221);
#223=CIRCLE('',#222,27.);
#224=EDGE_CURVE('',#191,#218,#223,.T.);
#225=ORIENTED_EDGE('',*,*,#224,.T.);
#226=CARTESIAN_POINT('',(131.558289316,131.984303369,77.));
#227=DIRECTION('',(0.,0.,1.));
#228=DIRECTION('',(-0.006789202,-0.999976953,0.));
#229=AXIS2_PLACEMENT_3D('',#226,#227,#228);
#230=CIRCLE('',#229,27.);
#231=EDGE_CURVE('',#218,#191,#230,.T.);
#232=ORIENTED_EDGE('',*,*,#231,.T.);
#233=EDGE_LOOP('',(#199,#208,#215,#216,#225,#232));
#234=FACE_BOUND('',#233,.T.);
#235=ADVANCED_FACE('',(#234),#189,.T.);
#236=CARTESIAN_POINT('',(0.,0.,84.));
#237=DIRECTION('',(0.,0.,1.));
#238=DIRECTION('',(1.,0.,0.));
#239=AXIS2_PLACEMENT_3D('',#236,#237,#238);
#240=PLANE('',#239);
#241=ORIENTED_EDGE('',*,*,#207,.T.);
#242=ORIENTED_EDGE('',*,*,#214,.T.);
#243=EDGE_LOOP('',(#241,#242));
#244=FACE_BOUND('',#243,.T.);
#245=ADVANCED_FACE('',(#244),#240,.T.);
#246=CARTESIAN_POINT('',(0.,0.,77.));
#247=DIRECTION('',(0.,0.,1.));
#248=DIRECTION('',(1.,0.,0.));
#249=AXIS2_PLACEMENT_3D('',#246,#247,#248);
#250=PLANE('',#249);
#251=ORIENTED_EDGE('',*,*,#224,.F.);
#252=ORIENTED_EDGE('',*,*,#231,.F.);
#253=EDGE_LOOP('',(#251,#252));
#254=FACE_BOUND('',#253,.T.);
#255=ADVANCED_FACE('',(#254),#250,.F.);
#256=CLOSED_SHELL('',(#235,#245,#255));
#257=MANIFOLD_SOLID_BREP('Body 06',#256);
#258=COLOUR_RGB('',0.627451003,0.627451003,0.643137276);
#259=FILL_AREA_STYLE_COLOUR('',#258);
#260=FILL_AREA_STYLE('',(#259));
#261=SURFACE_STYLE_FILL_AREA(#260);
#262=SURFACE_SIDE_STYLE('',(#261));
#263=SURFACE_STYLE_USAGE(.BOTH.,#262);
#264=PRESENTATION_STYLE_ASSIGNMENT((#263));
#184=STYLED_ITEM('',(#264),#257);
#266=CARTESIAN_POINT('',(119.938166139,129.561172519,119.255827187));
#267=DIRECTION('',(-1.,0.,0.));
#268=DIRECTION('',(0.,0.,1.));
#269=AXIS2_PLACEMENT_3D('',#266,#267,#268);
#270=PLANE('',#269);
#271=CARTESIAN_POINT('',(119.938166139,120.061172519,118.255827187));
#272=VERTEX_POINT('',#271);
#273=CARTESIAN_POINT('',(119.938166139,139.061172519,118.255827187));
#274=VERTEX_POINT('',#273);
#275=CARTESIAN_POINT('',(119.938166139,120.061172519,118.255827187));
#276=DIRECTION('',(0.,1.,0.));
#277=VECTOR('',#276,19.);
#278=LINE('',#275,#277);
#279=EDGE_CURVE('',#272,#274,#278,.T.);
#280=ORIENTED_EDGE('',*,*,#279,.F.);
#281=CARTESIAN_POINT('',(119.938166139,120.061172519,119.255827187));
#282=VERTEX_POINT('',#281);
#283=CARTESIAN_POINT('',(119.938166139,120.061172519,119.255827187));
#284=DIRECTION('',(0.,0.,-1.));
#285=VECTOR('',#284,1.);
#286=LINE('',#283,#285);
#287=EDGE_CURVE('',#282,#272,#286,.T.);
#288=ORIENTED_EDGE('',*,*,#287,.F.);
#289=CARTESIAN_POINT('',(119.938166139,139.061172519,119.255827187));
#290=VERTEX_POINT('',#289);
#291=CARTESIAN_POINT('',(119.938166139,120.061172519,119.255827187));
#292=DIRECTION('',(0.,1.,0.));
#293=VECTOR('',#292,19.);
#294=LINE('',#291,#293);
#295=EDGE_CURVE('',#282,#290,#294,.T.);
#296=ORIENTED_EDGE('',*,*,#295,.T.);
#297=CARTESIAN_POINT('',(119.938166139,139.061172519,119.255827187));
#298=DIRECTION('',(0.,0.,-1.));
#299=VECTOR('',#298,1.);
#300=LINE('',#297,#299);
#301=EDGE_CURVE('',#290,#274,#300,.T.);
#302=ORIENTED_EDGE('',*,*,#301,.T.);
#303=EDGE_LOOP('',(#280,#288,#296,#302));
#304=FACE_BOUND('',#303,.T.);
#305=ADVANCED_FACE('',(#304),#270,.T.);
#306=CARTESIAN_POINT('',(129.438166139,120.061172519,119.255827187));
#307=DIRECTION('',(0.,-1.,0.));
#308=DIRECTION('',(0.,0.,-1.));
#309=AXIS2_PLACEMENT_3D('',#306,#307,#308);
#310=PLANE('',#309);
#311=CARTESIAN_POINT('',(138.938166139,120.061172519,118.255827187));
#312=VERTEX_POINT('',#311);
#313=CARTESIAN_POINT('',(138.938166139,120.061172519,118.255827187));
#314=DIRECTION('',(-1.,0.,0.));
#315=VECTOR('',#314,19.);
#316=LINE('',#313,#315);
#317=EDGE_CURVE('',#312,#272,#316,.T.);
#318=ORIENTED_EDGE('',*,*,#317,.F.);
#319=CARTESIAN_POINT('',(138.938166139,120.061172519,119.255827187));
#320=VERTEX_POINT('',#319);
#321=CARTESIAN_POINT('',(138.938166139,120.061172519,119.255827187));
#322=DIRECTION('',(0.,0.,-1.));
#323=VECTOR('',#322,1.);
#324=LINE('',#321,#323);
#325=EDGE_CURVE('',#320,#312,#324,.T.);
#326=ORIENTED_EDGE('',*,*,#325,.F.);
#327=CARTESIAN_POINT('',(138.938166139,120.061172519,119.255827187));
#328=DIRECTION('',(-1.,0.,0.));
#329=VECTOR('',#328,19.);
#330=LINE('',#327,#329);
#331=EDGE_CURVE('',#320,#282,#330,.T.);
#332=ORIENTED_EDGE('',*,*,#331,.T.);
#333=ORIENTED_EDGE('',*,*,#287,.T.);
#334=EDGE_LOOP('',(#318,#326,#332,#333));
#335=FACE_BOUND('',#334,.T.);
#336=ADVANCED_FACE('',(#335),#310,.T.);
#337=CARTESIAN_POINT('',(138.938166139,129.561172519,119.255827187));
#338=DIRECTION('',(1.,0.,0.));
#339=DIRECTION('',(0.,0.,-1.));
#340=AXIS2_PLACEMENT_3D('',#337,#338,#339);
#341=PLANE('',#340);
#342=CARTESIAN_POINT('',(138.938166139,139.061172519,118.255827187));
#343=VERTEX_POINT('',#342);
#344=CARTESIAN_POINT('',(138.938166139,139.061172519,118.255827187));
#345=DIRECTION('',(0.,-1.,0.));
#346=VECTOR('',#345,19.);
#347=LINE('',#344,#346);
#348=EDGE_CURVE('',#343,#312,#347,.T.);
#349=ORIENTED_EDGE('',*,*,#348,.F.);
#350=CARTESIAN_POINT('',(138.938166139,139.061172519,119.255827187));
#351=VERTEX_POINT('',#350);
#352=CARTESIAN_POINT('',(138.938166139,139.061172519,119.255827187));
#353=DIRECTION('',(0.,0.,-1.));
#354=VECTOR('',#353,1.);
#355=LINE('',#352,#354);
#356=EDGE_CURVE('',#351,#343,#355,.T.);
#357=ORIENTED_EDGE('',*,*,#356,.F.);
#358=CARTESIAN_POINT('',(138.938166139,139.061172519,119.255827187));
#359=DIRECTION('',(0.,-1.,0.));
#360=VECTOR('',#359,19.);
#361=LINE('',#358,#360);
#362=EDGE_CURVE('',#351,#320,#361,.T.);
#363=ORIENTED_EDGE('',*,*,#362,.T.);
#364=ORIENTED_EDGE('',*,*,#325,.T.);
#365=EDGE_LOOP('',(#349,#357,#363,#364));
#366=FACE_BOUND('',#365,.T.);
#367=ADVANCED_FACE('',(#366),#341,.T.);
#368=CARTESIAN_POINT('',(129.438166139,139.061172519,119.255827187));
#369=DIRECTION('',(0.,1.,0.));
#370=DIRECTION('',(0.,0.,1.));
#371=AXIS2_PLACEMENT_3D('',#368,#369,#370);
#372=PLANE('',#371);
#373=CARTESIAN_POINT('',(119.938166139,139.061172519,118.255827187));
#374=DIRECTION('',(1.,0.,-0.));
#375=VECTOR('',#374,19.);
#376=LINE('',#373,#375);
#377=EDGE_CURVE('',#274,#343,#376,.T.);
#378=ORIENTED_EDGE('',*,*,#377,.F.);
#379=ORIENTED_EDGE('',*,*,#301,.F.);
#380=CARTESIAN_POINT('',(119.938166139,139.061172519,119.255827187));
#381=DIRECTION('',(1.,0.,-0.));
#382=VECTOR('',#381,19.);
#383=LINE('',#380,#382);
#384=EDGE_CURVE('',#290,#351,#383,.T.);
#385=ORIENTED_EDGE('',*,*,#384,.T.);
#386=ORIENTED_EDGE('',*,*,#356,.T.);
#387=EDGE_LOOP('',(#378,#379,#385,#386));
#388=FACE_BOUND('',#387,.T.);
#389=ADVANCED_FACE('',(#388),#372,.T.);
#390=CARTESIAN_POINT('',(-53.061833861,-88.938827481,119.255827187));
#391=DIRECTION('',(0.,0.,1.));
#392=DIRECTION('',(-1.,0.,0.));
#393=AXIS2_PLACEMENT_3D('',#390,#391,#392);
#394=PLANE('',#393);
#395=ORIENTED_EDGE('',*,*,#295,.F.);
#396=ORIENTED_EDGE('',*,*,#331,.F.);
#397=ORIENTED_EDGE('',*,*,#362,.F.);
#398=ORIENTED_EDGE('',*,*,#384,.F.);
#399=EDGE_LOOP('',(#395,#396,#397,#398));
#400=FACE_BOUND('',#399,.T.);
#401=ADVANCED_FACE('',(#400),#394,.T.);
#402=COLOUR_RGB('',1.,0.823529422,0.121568628);
#403=FILL_AREA_STYLE_COLOUR('',#402);
#404=FILL_AREA_STYLE('',(#403));
#405=SURFACE_STYLE_FILL_AREA(#404);
#406=SURFACE_SIDE_STYLE('',(#405));
#407=SURFACE_STYLE_USAGE(.BOTH.,#406);
#408=PRESENTATION_STYLE_ASSIGNMENT((#407));
#409=OVER_RIDING_STYLED_ITEM('',(#408),#401,#265);
#410=CARTESIAN_POINT('',(-53.061833861,-88.938827481,118.255827187));
#411=DIRECTION('',(0.,0.,1.));
#412=DIRECTION('',(-1.,0.,0.));
#413=AXIS2_PLACEMENT_3D('',#410,#411,#412);
#414=PLANE('',#413);
#415=ORIENTED_EDGE('',*,*,#279,.T.);
#416=ORIENTED_EDGE('',*,*,#377,.T.);
#417=ORIENTED_EDGE('',*,*,#348,.T.);
#418=ORIENTED_EDGE('',*,*,#317,.T.);
#419=EDGE_LOOP('',(#415,#416,#417,#418));
#420=FACE_BOUND('',#419,.T.);
#421=ADVANCED_FACE('',(#420),#414,.F.);
#422=CLOSED_SHELL('',(#305,#336,#367,#389,#401,#421));
#423=MANIFOLD_SOLID_BREP('Body 05',#422);
#265=STYLED_ITEM('',(#264),#423);
#425=CARTESIAN_POINT('',(131.37,131.2,8.));
#426=DIRECTION('',(0.,0.,-1.));
#427=DIRECTION('',(-1.,0.,0.));
#428=AXIS2_PLACEMENT_3D('',#425,#426,#427);
#429=CYLINDRICAL_SURFACE('',#428,33.);
#430=CARTESIAN_POINT('',(98.37,131.2,0.));
#431=VERTEX_POINT('',#430);
#432=CARTESIAN_POINT('',(98.37,131.2,129.970562748));
#433=VERTEX_POINT('',#432);
#434=CARTESIAN_POINT('',(98.37,131.2,-0.));
#435=DIRECTION('',(-0.,-0.,1.));
#436=VECTOR('',#435,129.970562748);
#437=LINE('',#434,#436);
#438=EDGE_CURVE('',#431,#433,#437,.T.);
#439=ORIENTED_EDGE('',*,*,#438,.T.);
#440=CARTESIAN_POINT('',(131.37,131.2,129.970562748));
#441=DIRECTION('',(0.,0.,-1.));
#442=DIRECTION('',(-1.,0.,0.));
#443=AXIS2_PLACEMENT_3D('',#440,#441,#442);
#444=CIRCLE('',#443,33.);
#445=EDGE_CURVE('',#433,#433,#444,.T.);
#446=ORIENTED_EDGE('',*,*,#445,.T.);
#447=ORIENTED_EDGE('',*,*,#438,.F.);
#448=CARTESIAN_POINT('',(164.37,131.2,0.));
#449=VERTEX_POINT('',#448);
#450=CARTESIAN_POINT('',(131.37,131.2,0.));
#451=DIRECTION('',(0.,0.,1.));
#452=DIRECTION('',(1.,0.,-0.));
#453=AXIS2_PLACEMENT_3D('',#450,#451,#452);
#454=CIRCLE('',#453,33.);
#455=EDGE_CURVE('',#431,#449,#454,.T.);
#456=ORIENTED_EDGE('',*,*,#455,.T.);
#457=CARTESIAN_POINT('',(131.37,131.2,0.));
#458=DIRECTION('',(0.,0.,1.));
#459=DIRECTION('',(1.,0.,-0.));
#460=AXIS2_PLACEMENT_3D('',#457,#458,#459);
#461=CIRCLE('',#460,33.);
#462=EDGE_CURVE('',#449,#431,#461,.T.);
#463=ORIENTED_EDGE('',*,*,#462,.T.);
#464=EDGE_LOOP('',(#439,#446,#447,#456,#463));
#465=FACE_BOUND('',#464,.T.);
#466=CARTESIAN_POINT('',(158.620447109,149.812176991,38.845441365));
#467=VERTEX_POINT('',#466);
#468=CARTESIAN_POINT('',(158.620447109,149.812176991,38.845441365));
#469=CARTESIAN_POINT('',(158.620447109,149.812176991,37.903533629));
#470=CARTESIAN_POINT('',(158.68184324,149.72313591,36.981017139));
#471=CARTESIAN_POINT('',(158.797612841,149.550096835,36.076441228));
#472=CARTESIAN_POINT('',(158.855497641,149.463577298,35.624153273));
#473=CARTESIAN_POINT('',(158.926992854,149.35587982,35.176378787));
#474=CARTESIAN_POINT('',(159.011309547,149.226591651,34.733100955));
#475=CARTESIAN_POINT('',(159.053467893,149.161947566,34.511462039));
#476=CARTESIAN_POINT('',(159.098811293,149.09192214,34.291184342));
#477=CARTESIAN_POINT('',(159.146646812,149.01734806,34.074573617));
#478=CARTESIAN_POINT('',(159.194482331,148.94277398,33.857962892));
#479=CARTESIAN_POINT('',(159.244930585,148.863467474,33.644365066));
#480=CARTESIAN_POINT('',(159.297769473,148.779524802,33.433670105));
#481=CARTESIAN_POINT('',(159.509125026,148.443754113,32.590890262));
#482=CARTESIAN_POINT('',(159.758475795,148.034599375,31.794103381));
#483=CARTESIAN_POINT('',(160.034039771,147.551538888,31.04015882));
#484=CARTESIAN_POINT('',(160.102930765,147.430773766,30.85167268));
#485=CARTESIAN_POINT('',(160.17362695,147.305058585,30.665527497));
#486=CARTESIAN_POINT('',(160.245165113,147.175757876,30.483710893));
#487=CARTESIAN_POINT('',(160.316703275,147.046457167,30.301894288));
#488=CARTESIAN_POINT('',(160.389189465,146.913393241,30.124088718));
#489=CARTESIAN_POINT('',(160.462430884,146.776599927,29.950171641));
#490=CARTESIAN_POINT('',(160.608913721,146.5030133,29.602337487));
#491=CARTESIAN_POINT('',(160.758410297,146.214535784,29.270028673));
#492=CARTESIAN_POINT('',(160.909548458,145.911052881,28.952709734));
#493=CARTESIAN_POINT('',(161.060686619,145.607569978,28.635390794));
#494=CARTESIAN_POINT('',(161.213472966,145.289081712,28.333064804));
#495=CARTESIAN_POINT('',(161.366674687,144.954981197,28.045728289));
#496=CARTESIAN_POINT('',(161.443275547,144.78793094,27.902060032));
#497=CARTESIAN_POINT('',(161.519982411,144.616969209,27.762148128));
#498=CARTESIAN_POINT('',(161.596647335,144.441970808,27.626041784));
#499=CARTESIAN_POINT('',(161.673312258,144.266972408,27.489935441));
#500=CARTESIAN_POINT('',(161.749855422,144.088091554,27.357798925));
#501=CARTESIAN_POINT('',(161.825427835,143.906963264,27.230811506));
#502=CARTESIAN_POINT('',(162.127717486,143.182450105,26.722861833));
#503=CARTESIAN_POINT('',(162.417526039,142.415323883,26.290929091));
#504=CARTESIAN_POINT('',(162.687309863,141.603177541,25.934516103));
#505=CARTESIAN_POINT('',(162.822201775,141.197104371,25.75630961));
#506=CARTESIAN_POINT('',(162.952101076,140.779704447,25.597135225));
#507=CARTESIAN_POINT('',(163.076056269,140.350191029,25.457891233));
#508=CARTESIAN_POINT('',(163.138033865,140.13543432,25.388269237));
#509=CARTESIAN_POINT('',(163.198690432,139.916990232,25.323485337));
#510=CARTESIAN_POINT('',(163.257102103,139.697806746,25.264492066));
#511=CARTESIAN_POINT('',(163.315513773,139.47862326,25.205498794));
#512=CARTESIAN_POINT('',(163.371783273,139.25839647,25.152160027));
#513=CARTESIAN_POINT('',(163.425879771,139.037127798,25.104406615));
#514=CARTESIAN_POINT('',(163.642265763,138.152053109,24.913392966));
#515=CARTESIAN_POINT('',(163.823934888,137.250408981,24.81091621));
#516=CARTESIAN_POINT('',(163.96858633,136.331488019,24.799265891));
#517=CARTESIAN_POINT('',(164.00474919,136.101757779,24.796353311));
#518=CARTESIAN_POINT('',(164.038594842,135.870941291,24.799169842));
#519=CARTESIAN_POINT('',(164.070078846,135.639013795,24.807861351));
#520=CARTESIAN_POINT('',(164.101562849,135.407086298,24.81655286));
#521=CARTESIAN_POINT('',(164.130751037,135.173381469,24.831201708));
#522=CARTESIAN_POINT('',(164.15723477,134.94128803,24.851632234));
#523=CARTESIAN_POINT('',(164.210202236,134.477101153,24.892493287));
#524=CARTESIAN_POINT('',(164.252664789,134.017533995,24.956367028));
#525=CARTESIAN_POINT('',(164.285326055,133.562479772,25.042604335));
#526=CARTESIAN_POINT('',(164.350648587,132.652371326,25.215078948));
#527=CARTESIAN_POINT('',(164.376790624,131.758974811,25.476818993));
#528=CARTESIAN_POINT('',(164.368514111,130.886844324,25.82933777));
#529=CARTESIAN_POINT('',(164.360237598,130.014713837,26.181856547));
#530=CARTESIAN_POINT('',(164.318051533,129.191573541,26.613596211));
#531=CARTESIAN_POINT('',(164.252244848,128.414686058,27.121058914));
#532=CARTESIAN_POINT('',(164.219341506,128.026242317,27.374790265));
#533=CARTESIAN_POINT('',(164.18049679,127.649456705,27.647609142));
#534=CARTESIAN_POINT('',(164.136892738,127.284551077,27.940022062));
#535=CARTESIAN_POINT('',(164.093288687,126.919645448,28.232434982));
#536=CARTESIAN_POINT('',(164.045328442,126.570176342,28.541763979));
#537=CARTESIAN_POINT('',(163.994932404,126.238771759,28.864852531));
#538=CARTESIAN_POINT('',(163.894140326,125.575962593,29.511029635));
#539=CARTESIAN_POINT('',(163.783101507,124.98059705,30.215137257));
#540=CARTESIAN_POINT('',(163.672979356,124.453332322,30.979440279));
#541=CARTESIAN_POINT('',(163.61791828,124.189699958,31.36159179));
#542=CARTESIAN_POINT('',(163.562929384,123.942704901,31.760339905));
#543=CARTESIAN_POINT('',(163.510709244,123.71836854,32.166170807));
#544=CARTESIAN_POINT('',(163.458489104,123.49403218,32.572001709));
#545=CARTESIAN_POINT('',(163.40875448,123.290923253,32.986724969));
#546=CARTESIAN_POINT('',(163.36269866,123.108817609,33.410370746));
#547=CARTESIAN_POINT('',(163.316642839,122.926711965,33.834016523));
#548=CARTESIAN_POINT('',(163.274262484,122.765608862,34.266584176));
#549=CARTESIAN_POINT('',(163.236684109,122.625943558,34.708365449));
#550=CARTESIAN_POINT('',(163.199105734,122.486278254,35.150146721));
#551=CARTESIAN_POINT('',(163.166266152,122.367826936,35.602203406));
#552=CARTESIAN_POINT('',(163.139453997,122.272413945,36.061799514));
#553=CARTESIAN_POINT('',(163.085829686,122.081587964,36.980991729));
#554=CARTESIAN_POINT('',(163.057911163,121.987167264,37.904414821));
#555=CARTESIAN_POINT('',(163.057645413,121.986253304,38.831973051));
#556=CARTESIAN_POINT('',(163.057512538,121.985796324,39.295752166));
#557=CARTESIAN_POINT('',(163.064255182,122.008884008,39.760571483));
#558=CARTESIAN_POINT('',(163.077892652,122.056174565,40.226458082));
#559=CARTESIAN_POINT('',(163.084711387,122.079819844,40.459401382));
#560=CARTESIAN_POINT('',(163.093285911,122.109647786,40.693261452));
#561=CARTESIAN_POINT('',(163.103447887,122.145261727,40.924886797));
#562=CARTESIAN_POINT('',(163.113609863,122.180875668,41.156512143));
#563=CARTESIAN_POINT('',(163.125360066,122.222277748,41.386276431));
#564=CARTESIAN_POINT('',(163.138589559,122.269338354,41.614227173));
#565=CARTESIAN_POINT('',(163.191507533,122.457580779,42.526030139));
#566=CARTESIAN_POINT('',(163.268202568,122.735514615,43.409060988));
#567=CARTESIAN_POINT('',(163.360940228,123.101867911,44.264316181));
#568=CARTESIAN_POINT('',(163.407309058,123.285044559,44.691943777));
#569=CARTESIAN_POINT('',(163.457868665,123.491446161,45.113851718));
#570=CARTESIAN_POINT('',(163.510132586,123.715891681,45.520229303));
#571=CARTESIAN_POINT('',(163.562396508,123.940337202,45.926606889));
#572=CARTESIAN_POINT('',(163.616564253,124.183554869,46.319541474));
#573=CARTESIAN_POINT('',(163.671263124,124.445120239,46.699525536));
#574=CARTESIAN_POINT('',(163.725961995,124.706685609,47.079509598));
#575=CARTESIAN_POINT('',(163.781197372,124.98660094,47.44654079));
#576=CARTESIAN_POINT('',(163.835571962,125.285049688,47.800688492));
#577=CARTESIAN_POINT('',(163.862759257,125.434274062,47.977762343));
#578=CARTESIAN_POINT('',(163.889731099,125.588142206,48.151608048));
#579=CARTESIAN_POINT('',(163.916303918,125.746734805,48.322195017));
#580=CARTESIAN_POINT('',(163.942876736,125.905327404,48.492781986));
#581=CARTESIAN_POINT('',(163.96909077,126.06894639,48.660366842));
#582=CARTESIAN_POINT('',(163.994455697,126.23563796,48.822974119));
#583=CARTESIAN_POINT('',(164.095915407,126.902404242,49.473403229));
#584=CARTESIAN_POINT('',(164.184822109,127.623393881,50.051419741));
#585=CARTESIAN_POINT('',(164.250842535,128.398180206,50.559026087));
#586=CARTESIAN_POINT('',(164.283852749,128.785573369,50.81282926));
#587=CARTESIAN_POINT('',(164.3111389,129.18652183,51.048885133));
#588=CARTESIAN_POINT('',(164.331268765,129.60163791,51.266553202));
#589=CARTESIAN_POINT('',(164.341333698,129.809195951,51.375387236));
#590=CARTESIAN_POINT('',(164.349599408,130.020526252,51.479673838));
#591=CARTESIAN_POINT('',(164.355825589,130.232885638,51.578071219));
#592=CARTESIAN_POINT('',(164.362051771,130.445245025,51.6764686));
#593=CARTESIAN_POINT('',(164.36627368,130.659244442,51.769314861));
#594=CARTESIAN_POINT('',(164.368398164,130.874855966,51.856692908));
#595=CARTESIAN_POINT('',(164.376896099,131.737302062,52.206205097));
#596=CARTESIAN_POINT('',(164.351930686,132.625293304,52.46904818));
#597=CARTESIAN_POINT('',(164.286997488,133.539075973,52.643822613));
#598=CARTESIAN_POINT('',(164.270764188,133.76752164,52.687516221));
#599=CARTESIAN_POINT('',(164.252025806,133.997594947,52.725653578));
#600=CARTESIAN_POINT('',(164.230662578,134.22933242,52.758104202));
#601=CARTESIAN_POINT('',(164.209299351,134.461069893,52.790554826));
#602=CARTESIAN_POINT('',(164.185343672,134.693930025,52.817201962));
#603=CARTESIAN_POINT('',(164.159029949,134.92552211,52.837853638));
#604=CARTESIAN_POINT('',(164.106402504,135.38870628,52.87915699));
#605=CARTESIAN_POINT('',(164.044105306,135.849543829,52.896927988));
#606=CARTESIAN_POINT('',(163.972262733,136.308078373,52.891893742));
#607=CARTESIAN_POINT('',(163.900420161,136.766612917,52.886859496));
#608=CARTESIAN_POINT('',(163.819031809,137.222844291,52.859016907));
#609=CARTESIAN_POINT('',(163.728171199,137.676785984,52.808407357));
#610=CARTESIAN_POINT('',(163.682740893,137.903756831,52.783102583));
#611=CARTESIAN_POINT('',(163.634941767,138.130154804,52.752095711));
#612=CARTESIAN_POINT('',(163.584778698,138.355978859,52.715328209));
#613=CARTESIAN_POINT('',(163.534615629,138.581802915,52.678560708));
#614=CARTESIAN_POINT('',(163.48192671,138.807689458,52.635880363));
#615=CARTESIAN_POINT('',(163.427412123,139.030857422,52.58782781));
#616=CARTESIAN_POINT('',(163.209353776,139.923529277,52.395617598));
#617=CARTESIAN_POINT('',(162.961701077,140.776236296,52.118428143));
#618=CARTESIAN_POINT('',(162.690811506,141.592630397,51.760989841));
#619=CARTESIAN_POINT('',(162.555366721,142.000827448,51.58227069));
#620=CARTESIAN_POINT('',(162.41388725,142.400447581,51.383002191));
#621=CARTESIAN_POINT('',(162.267824868,142.789841174,51.163774065));
#622=CARTESIAN_POINT('',(162.121762486,143.179234768,50.94454594));
#623=CARTESIAN_POINT('',(161.972923871,143.553689093,50.708099045));
#624=CARTESIAN_POINT('',(161.82242334,143.914161895,50.455020808));
#625=CARTESIAN_POINT('',(161.521422279,144.635107501,49.948864334));
#626=CARTESIAN_POINT('',(161.213639957,145.300531764,49.376764168));
#627=CARTESIAN_POINT('',(160.908687382,145.912781781,48.736364943));
#628=CARTESIAN_POINT('',(160.832449239,146.065844285,48.576265136));
#629=CARTESIAN_POINT('',(160.756216553,146.21589426,48.411433576));
#630=CARTESIAN_POINT('',(160.680996622,146.361315149,48.243628481));
#631=CARTESIAN_POINT('',(160.605776691,146.506736037,48.075823387));
#632=CARTESIAN_POINT('',(160.531488496,146.647705276,47.904902678));
#633=CARTESIAN_POINT('',(160.458291531,146.784328532,47.730875891));
#634=CARTESIAN_POINT('',(160.311897601,147.057575045,47.382822318));
#635=CARTESIAN_POINT('',(160.169851653,147.313479937,47.022376912));
#636=CARTESIAN_POINT('',(160.033521878,147.552446715,46.649306818));
#637=CARTESIAN_POINT('',(159.897192102,147.791413493,46.276236724));
#638=CARTESIAN_POINT('',(159.766571969,148.013444169,45.890545519));
#639=CARTESIAN_POINT('',(159.643227806,148.218360363,45.491566017));
#640=CARTESIAN_POINT('',(159.519883643,148.423276556,45.092586514));
#641=CARTESIAN_POINT('',(159.403510717,148.611556913,44.679127639));
#642=CARTESIAN_POINT('',(159.296908622,148.780892321,44.253778884));
#643=CARTESIAN_POINT('',(159.083704434,149.119563135,43.403081374));
#644=CARTESIAN_POINT('',(158.914930294,149.374714254,42.527384998));
#645=CARTESIAN_POINT('',(158.799070324,149.54791817,41.625806336));
#646=CARTESIAN_POINT('',(158.741140339,149.634520127,41.175017005));
#647=CARTESIAN_POINT('',(158.696461127,149.700470557,40.717717298));
#648=CARTESIAN_POINT('',(158.666257911,149.744926639,40.253542082));
#649=CARTESIAN_POINT('',(158.636054695,149.78938272,39.789366866));
#650=CARTESIAN_POINT('',(158.620447109,149.812176991,39.316963658));
#651=CARTESIAN_POINT('',(158.620447109,149.812176991,38.845441365));
#652=B_SPLINE_CURVE_WITH_KNOTS('',3,(#468,#469,#470,#471,#472,#473,#474,#475,#476,#477,#478,#479,#480,#481,#482,#483,#484,#485,#486,#487,#488,#489,#490,#491,#492,#493,
#494,#495,#496,#497,#498,#499,#500,#501,#502,#503,#504,#505,#506,#507,#508,#509,#510,#511,#512,#513,#514,#515,#516,#517,#518,
#519,#520,#521,#522,#523,#524,#525,#526,#527,#528,#529,#530,#531,#532,#533,#534,#535,#536,#537,#538,#539,#540,#541,#542,#543,
#544,#545,#546,#547,#548,#549,#550,#551,#552,#553,#554,#555,#556,#557,#558,#559,#560,#561,#562,#563,#564,#565,#566,#567,#568,
#569,#570,#571,#572,#573,#574,#575,#576,#577,#578,#579,#580,#581,#582,#583,#584,#585,#586,#587,#588,#589,#590,#591,#592,#593,
#594,#595,#596,#597,#598,#599,#600,#601,#602,#603,#604,#605,#606,#607,#608,#609,#610,#611,#612,#613,#614,#615,#616,#617,#618,
#619,#620,#621,#622,#623,#624,#625,#626,#627,#628,#629,#630,#631,#632,#633,#634,#635,#636,#637,#638,#639,#640,#641,#642,#643,
#644,#645,#646,#647,#648,#649,#650,#651),.UNSPECIFIED.,.T.,.F.,(4,3,3,3,3,3,3,3,3,3,3,3,3,3,3,3,3,3,3,3,3,3,3,3,3,3,
3,3,3,3,3,3,3,3,3,3,3,3,3,3,3,3,3,3,3,3,3,3,3,3,3,
3,3,3,3,3,3,3,3,3,3,4),(0.,0.002781363,0.004172044,0.004867384,0.005562725,0.008344088,0.009039428,0.009734769,0.01112545,0.012516131,0.013211472,0.013906813,0.016688175,0.018078856,0.018774197,0.019469538,0.0222509,0.022946241,0.023641582,0.025032263,0.027813625,0.030594988,0.031985669,0.03337635,0.036157713,0.037548394,
0.038939075,0.040329757,0.041720438,0.044501801,0.045892482,0.046587822,0.047283163,0.050064526,0.051455207,0.052845888,0.054236569,0.05493191,0.055627251,0.058408613,0.059799295,0.060494635,0.061189976,0.063971338,0.064666679,0.06536202,0.066752701,0.068143382,0.068838723,0.069534063,0.072315426,
0.073706107,0.075096788,0.077878151,0.078573492,0.079268832,0.080659514,0.082050195,0.083440876,0.086222239,0.08761292,0.089003601),.UNSPECIFIED.);
#653=EDGE_CURVE('',#467,#467,#652,.T.);
#654=ORIENTED_EDGE('',*,*,#653,.T.);
#655=EDGE_LOOP('',(#654));
#656=FACE_BOUND('',#655,.T.);
#657=CARTESIAN_POINT('',(123.637772016,163.281344274,43.));
#658=VERTEX_POINT('',#657);
#659=CARTESIAN_POINT('',(123.637772016,163.281344274,68.));
#660=VERTEX_POINT('',#659);
#661=CARTESIAN_POINT('',(123.637772016,163.281344274,43.));
#662=DIRECTION('',(-0.,-0.,1.));
#663=VECTOR('',#662,25.);
#664=LINE('',#661,#663);
#665=EDGE_CURVE('',#658,#660,#664,.T.);
#666=ORIENTED_EDGE('',*,*,#665,.F.);
#667=CARTESIAN_POINT('',(138.829172496,163.345928913,43.));
#668=VERTEX_POINT('',#667);
#669=CARTESIAN_POINT('',(131.37,131.2,43.));
#670=DIRECTION('',(0.,0.,1.));
#671=DIRECTION('',(1.,0.,-0.));
#672=AXIS2_PLACEMENT_3D('',#669,#670,#671);
#673=CIRCLE('',#672,33.);
#674=EDGE_CURVE('',#668,#658,#673,.T.);
#675=ORIENTED_EDGE('',*,*,#674,.F.);
#676=CARTESIAN_POINT('',(138.829172496,163.345928913,68.));
#677=VERTEX_POINT('',#676);
#678=CARTESIAN_POINT('',(138.829172496,163.345928913,68.));
#679=DIRECTION('',(0.,0.,-1.));
#680=VECTOR('',#679,25.);
#681=LINE('',#678,#680);
#682=EDGE_CURVE('',#677,#668,#681,.T.);
#683=ORIENTED_EDGE('',*,*,#682,.F.);
#684=CARTESIAN_POINT('',(131.37,131.2,68.));
#685=DIRECTION('',(0.,0.,-1.));
#686=DIRECTION('',(-1.,0.,0.));
#687=AXIS2_PLACEMENT_3D('',#684,#685,#686);
#688=CIRCLE('',#687,33.);
#689=EDGE_CURVE('',#660,#677,#688,.T.);
#690=ORIENTED_EDGE('',*,*,#689,.F.);
#691=EDGE_LOOP('',(#666,#675,#683,#690));
#692=FACE_BOUND('',#691,.T.);
#693=ADVANCED_FACE('',(#465,#656,#692),#429,.T.);
#694=CARTESIAN_POINT('',(131.558289316,131.984303369,79.));
#695=DIRECTION('',(0.,0.,-1.));
#696=DIRECTION('',(-1.,0.,0.));
#697=AXIS2_PLACEMENT_3D('',#694,#695,#696);
#698=CYLINDRICAL_SURFACE('',#697,27.);
#699=CARTESIAN_POINT('',(104.558289316,131.984303369,8.));
#700=VERTEX_POINT('',#699);
#701=CARTESIAN_POINT('',(104.557980336,131.984303362,136.147385382));
#702=VERTEX_POINT('',#701);
#703=CARTESIAN_POINT('',(104.558289316,131.984303369,8.));
#704=DIRECTION('',(-0.,-0.,1.));
#705=VECTOR('',#704,128.147385382);
#706=LINE('',#703,#705);
#707=EDGE_CURVE('',#700,#702,#706,.T.);
#708=ORIENTED_EDGE('',*,*,#707,.F.);
#709=CARTESIAN_POINT('',(158.558289316,131.984303369,8.));
#710=VERTEX_POINT('',#709);
#711=CARTESIAN_POINT('',(131.558289316,131.984303369,8.));
#712=DIRECTION('',(-0.,-0.,-1.));
#713=DIRECTION('',(1.,0.,-0.));
#714=AXIS2_PLACEMENT_3D('',#711,#712,#713);
#715=CIRCLE('',#714,27.);
#716=EDGE_CURVE('',#700,#710,#715,.T.);
#717=ORIENTED_EDGE('',*,*,#716,.T.);
#718=CARTESIAN_POINT('',(131.558289316,131.984303369,8.));
#719=DIRECTION('',(-0.,-0.,-1.));
#720=DIRECTION('',(1.,0.,-0.));
#721=AXIS2_PLACEMENT_3D('',#718,#719,#720);
#722=CIRCLE('',#721,27.);
#723=EDGE_CURVE('',#710,#700,#722,.T.);
#724=ORIENTED_EDGE('',*,*,#723,.T.);
#725=ORIENTED_EDGE('',*,*,#707,.T.);
#726=CARTESIAN_POINT('',(104.569440346,131.199999983,136.17024753));
#727=VERTEX_POINT('',#726);
#728=CARTESIAN_POINT('',(152.366882557,114.77958171,136.315371623));
#729=CARTESIAN_POINT('',(153.503247149,116.153980497,136.266904107));
#730=CARTESIAN_POINT('',(154.488279841,117.619922169,136.216944207));
#731=CARTESIAN_POINT('',(155.326270793,119.174812491,136.165562377));
#732=CARTESIAN_POINT('',(155.745266269,119.952257652,136.139871462));
#733=CARTESIAN_POINT('',(156.127432978,120.752578833,136.11380685));
#734=CARTESIAN_POINT('',(156.471064497,121.574998263,136.087406361));
#735=CARTESIAN_POINT('',(156.814696016,122.397417692,136.061005872));
#736=CARTESIAN_POINT('',(157.114850296,123.229968935,136.034653202));
#737=CARTESIAN_POINT('',(157.373019068,124.07230439,136.008347606));
#738=CARTESIAN_POINT('',(157.889356612,125.756975298,135.955736416));
#739=CARTESIAN_POINT('',(158.238930702,127.480508436,135.903313351));
#740=CARTESIAN_POINT('',(158.418826381,129.243582914,135.851075725));
#741=CARTESIAN_POINT('',(158.4638003,129.684351534,135.838016319));
#742=CARTESIAN_POINT('',(158.498116896,130.128524593,135.824941923));
#743=CARTESIAN_POINT('',(158.521386685,130.573140626,135.8119407));
#744=CARTESIAN_POINT('',(158.544656474,131.017756658,135.798939476));
#745=CARTESIAN_POINT('',(158.556842958,131.461167782,135.786059242));
#746=CARTESIAN_POINT('',(158.5581681,131.903398116,135.773297196));
#747=CARTESIAN_POINT('',(158.560818384,132.787858785,135.747773103));
#748=CARTESIAN_POINT('',(158.520100543,133.667604703,135.722721255));
#749=CARTESIAN_POINT('',(158.436802979,134.542721485,135.698129589));
#750=CARTESIAN_POINT('',(158.353505416,135.417838267,135.673537922));
#751=CARTESIAN_POINT('',(158.227626516,136.288325744,135.649406732));
#752=CARTESIAN_POINT('',(158.058720214,137.154135305,135.625736659));
#753=CARTESIAN_POINT('',(157.974267062,137.587040086,135.613901622));
#754=CARTESIAN_POINT('',(157.879038041,138.01877332,135.602182066));
#755=CARTESIAN_POINT('',(157.77285802,138.449315951,135.590579305));
#756=CARTESIAN_POINT('',(157.666677998,138.879858582,135.578976544));
#757=CARTESIAN_POINT('',(157.549182521,139.310377401,135.567459702));
#758=CARTESIAN_POINT('',(157.421458376,139.736495716,135.556146055));
#759=CARTESIAN_POINT('',(156.910561795,141.440968978,135.510891469));
#760=CARTESIAN_POINT('',(156.240594957,143.069447172,135.469014858));
#761=CARTESIAN_POINT('',(155.416776157,144.624422264,135.430363827));
#762=CARTESIAN_POINT('',(155.004866757,145.40190981,135.411038311));
#763=CARTESIAN_POINT('',(154.554213899,146.160887589,135.39252516));
#764=CARTESIAN_POINT('',(154.063767087,146.900853584,135.374840836));
#765=CARTESIAN_POINT('',(153.818543681,147.270836581,135.365998675));
#766=CARTESIAN_POINT('',(153.562616007,147.637008948,135.35734213));
#767=CARTESIAN_POINT('',(153.299030471,147.994930279,135.348975892));
#768=CARTESIAN_POINT('',(153.035444934,148.35285161,135.340609655));
#769=CARTESIAN_POINT('',(152.763999283,148.702946931,135.332523066));
#770=CARTESIAN_POINT('',(152.484836735,149.04535882,135.324710225));
#771=CARTESIAN_POINT('',(151.368186542,150.41500638,135.293458858));
#772=CARTESIAN_POINT('',(150.129164522,151.662812832,135.266549732));
#773=CARTESIAN_POINT('',(148.767871053,152.7888773,135.243941241));
#774=CARTESIAN_POINT('',(148.427547686,153.070393416,135.238289118));
#775=CARTESIAN_POINT('',(148.079513731,153.344232334,135.232908205));
#776=CARTESIAN_POINT('',(147.723629427,153.610254888,135.22780298));
#777=CARTESIAN_POINT('',(147.367745123,153.876277441,135.222697755));
#778=CARTESIAN_POINT('',(147.003286983,154.134908932,135.217861085));
#779=CARTESIAN_POINT('',(146.634819889,154.38292444,135.213352661));
#780=CARTESIAN_POINT('',(145.8978857,154.878955456,135.204335813));
#781=CARTESIAN_POINT('',(145.141737092,155.335206451,135.196577751));
#782=CARTESIAN_POINT('',(144.366897303,155.752760648,135.190040886));
#783=CARTESIAN_POINT('',(142.817217724,156.587869042,135.176967157));
#784=CARTESIAN_POINT('',(141.193313015,157.269307383,135.168743245));
#785=CARTESIAN_POINT('',(139.492792094,157.792125161,135.165511553));
#786=CARTESIAN_POINT('',(139.067661864,157.922829605,135.16470363));
#787=CARTESIAN_POINT('',(138.637581186,158.043477949,135.164212919));
#788=CARTESIAN_POINT('',(138.207454992,158.152769044,135.164042831));
#789=CARTESIAN_POINT('',(137.777328799,158.26206014,135.163872743));
#790=CARTESIAN_POINT('',(137.345964651,158.360383514,135.164020446));
#791=CARTESIAN_POINT('',(136.91338289,158.447919388,135.164480593));
#792=CARTESIAN_POINT('',(136.048219369,158.622991136,135.165400887));
#793=CARTESIAN_POINT('',(135.178194003,158.754989127,135.167569117));
#794=CARTESIAN_POINT('',(134.30336128,158.84439607,135.17097206));
#795=CARTESIAN_POINT('',(133.428528557,158.933803013,135.174375002));
#796=CARTESIAN_POINT('',(132.548888622,158.980620189,135.179012484));
#797=CARTESIAN_POINT('',(131.664356536,158.98409503,135.184908493));
#798=CARTESIAN_POINT('',(131.222090494,158.98583245,135.187856498));
#799=CARTESIAN_POINT('',(130.778599236,158.976714997,135.191119599));
#800=CARTESIAN_POINT('',(130.333858257,158.956525535,135.194704535));
#801=CARTESIAN_POINT('',(129.889117277,158.936336072,135.198289472));
#802=CARTESIAN_POINT('',(129.444152787,158.905057942,135.202189736));
#803=CARTESIAN_POINT('',(129.002747385,158.863090645,135.20636874));
#804=CARTESIAN_POINT('',(127.237125776,158.695221454,135.223084756));
#805=CARTESIAN_POINT('',(125.510459715,158.35719842,135.244357121));
#806=CARTESIAN_POINT('',(123.822013279,157.852237826,135.270131621));
#807=CARTESIAN_POINT('',(122.977790062,157.599757528,135.283018871));
#808=CARTESIAN_POINT('',(122.143189525,157.3052468,135.297039432));
#809=CARTESIAN_POINT('',(121.318544943,156.967250256,135.31223788));
#810=CARTESIAN_POINT('',(120.493900362,156.629253712,135.327436329));
#811=CARTESIAN_POINT('',(119.690786001,156.252382016,135.343603129));
#812=CARTESIAN_POINT('',(118.911842928,155.839436857,135.360645576));
#813=CARTESIAN_POINT('',(117.353956781,155.013546537,135.39473047));
#814=CARTESIAN_POINT('',(115.887544529,154.042522046,135.432376559));
#815=CARTESIAN_POINT('',(114.513852066,152.924388345,135.473676159));
#816=CARTESIAN_POINT('',(113.827005834,152.365321494,135.494325958));
#817=CARTESIAN_POINT('',(113.161316138,151.766489277,135.515988676));
#818=CARTESIAN_POINT('',(112.533233158,151.142780296,135.538131741));
#819=CARTESIAN_POINT('',(111.905150178,150.519071315,135.560274806));
#820=CARTESIAN_POINT('',(111.31130523,149.8681687,135.582987121));
#821=CARTESIAN_POINT('',(110.751012622,149.190617227,135.606262124));
#822=CARTESIAN_POINT('',(110.190720015,148.513065753,135.629537126));
#823=CARTESIAN_POINT('',(109.663981633,147.808863917,135.653374602));
#824=CARTESIAN_POINT('',(109.17108587,147.077782817,135.677783928));
#825=CARTESIAN_POINT('',(108.924637989,146.712242267,135.689988592));
#826=CARTESIAN_POINT('',(108.686665715,146.339970019,135.702336327));
#827=CARTESIAN_POINT('',(108.457298554,145.960863238,135.714829937));
#828=CARTESIAN_POINT('',(108.227931392,145.581756457,135.727323547));
#829=CARTESIAN_POINT('',(108.006728786,145.194988727,135.739989804));
#830=CARTESIAN_POINT('',(107.795355861,144.803156423,135.752743017));
#831=CARTESIAN_POINT('',(106.949864165,143.235827203,135.80375587));
#832=CARTESIAN_POINT('',(106.271342764,141.610542258,135.855427042));
#833=CARTESIAN_POINT('',(105.753728936,139.929406488,135.907749132));
#834=CARTESIAN_POINT('',(105.494922022,139.088838603,135.933910176));
#835=CARTESIAN_POINT('',(105.276637634,138.234205387,135.960234783));
#836=CARTESIAN_POINT('',(105.099898062,137.365152022,135.986727675));
#837=CARTESIAN_POINT('',(105.011528276,136.930625339,135.999974121));
#838=CARTESIAN_POINT('',(104.933393369,136.491268168,136.013299365));
#839=CARTESIAN_POINT('',(104.866394051,136.051578517,136.026566341));
#840=CARTESIAN_POINT('',(104.799394733,135.611888866,136.039833316));
#841=CARTESIAN_POINT('',(104.743509962,135.172233559,136.053031418));
#842=CARTESIAN_POINT('',(104.69852759,134.732611936,136.066161851));
#843=CARTESIAN_POINT('',(104.518598101,132.974125445,136.118683583));
#844=CARTESIAN_POINT('',(104.511556333,131.216173157,136.17013362));
#845=CARTESIAN_POINT('',(104.676667497,129.45875227,136.220498379));
#846=CARTESIAN_POINT('',(104.717945288,129.019397048,136.233089568));
#847=CARTESIAN_POINT('',(104.770079291,128.580075337,136.245612291));
#848=CARTESIAN_POINT('',(104.833256346,128.140787697,136.258064855));
#849=CARTESIAN_POINT('',(104.896433401,127.701500058,136.270517419));
#850=CARTESIAN_POINT('',(104.970910974,127.261084632,136.282932227));
#851=CARTESIAN_POINT('',(105.055829248,126.824883794,136.295157894));
#852=CARTESIAN_POINT('',(105.225665796,125.952482119,136.319609228));
#853=CARTESIAN_POINT('',(105.437221574,125.09485685,136.343365231));
#854=CARTESIAN_POINT('',(105.689292245,124.251581304,136.366441392));
#855=CARTESIAN_POINT('',(106.193433588,122.565030211,136.412593713));
#856=CARTESIAN_POINT('',(106.858473621,120.935466871,136.456047254));
#857=CARTESIAN_POINT('',(107.689035852,119.364527656,136.496679984));
#858=CARTESIAN_POINT('',(107.896676409,118.971792852,136.506838167));
#859=CARTESIAN_POINT('',(108.115219022,118.582077888,136.516835248));
#860=CARTESIAN_POINT('',(108.341922767,118.200242855,136.526545904));
#861=CARTESIAN_POINT('',(108.568626512,117.818407822,136.536256559));
#862=CARTESIAN_POINT('',(108.80394459,117.443508621,136.545705491));
#863=CARTESIAN_POINT('',(109.047728247,117.075425465,136.554896525));
#864=CARTESIAN_POINT('',(109.53529556,116.339259153,136.573278593));
#865=CARTESIAN_POINT('',(110.056665309,115.630308812,136.590630829));
#866=CARTESIAN_POINT('',(110.611403444,114.948224822,136.606960426));
#867=CARTESIAN_POINT('',(111.166141579,114.266140831,136.623290023));
#868=CARTESIAN_POINT('',(111.754247631,113.610922825,136.638597468));
#869=CARTESIAN_POINT('',(112.376254502,112.982999719,136.652860203));
#870=CARTESIAN_POINT('',(112.687257938,112.669038165,136.659991571));
#871=CARTESIAN_POINT('',(113.006751631,112.36191246,136.666861476));
#872=CARTESIAN_POINT('',(113.334897857,112.061753237,136.673464079));
#873=CARTESIAN_POINT('',(113.663044083,111.761594015,136.680066682));
#874=CARTESIAN_POINT('',(113.999971659,111.468397417,136.686401251));
#875=CARTESIAN_POINT('',(114.34180642,111.185440018,136.692397138));
#876=CARTESIAN_POINT('',(115.709145466,110.053610421,136.716380683));
#877=CARTESIAN_POINT('',(117.168731833,109.070457326,136.735297314));
#878=CARTESIAN_POINT('',(118.718511493,108.232669626,136.749227429));
#879=CARTESIAN_POINT('',(119.493401323,107.813775775,136.756192486));
#880=CARTESIAN_POINT('',(120.291000417,107.431482676,136.76190266));
#881=CARTESIAN_POINT('',(121.112053779,107.086991002,136.766313787));
#882=CARTESIAN_POINT('',(121.52258046,106.914745164,136.76851935));
#883=CARTESIAN_POINT('',(121.93808965,106.752411236,136.770392703));
#884=CARTESIAN_POINT('',(122.354955209,106.601264911,136.771921552));
#885=CARTESIAN_POINT('',(122.771820769,106.450118587,136.773450401));
#886=CARTESIAN_POINT('',(123.191064309,106.309721951,136.774640389));
#887=CARTESIAN_POINT('',(123.612648975,106.179908403,136.77549683));
#888=CARTESIAN_POINT('',(125.298987638,105.660654207,136.778922593));
#889=CARTESIAN_POINT('',(127.022449757,105.309217045,136.777055732));
#890=CARTESIAN_POINT('',(128.783406338,105.127274038,136.769846998));
#891=CARTESIAN_POINT('',(129.663884628,105.036302535,136.76624263));
#892=CARTESIAN_POINT('',(130.558189906,104.988285362,136.761253809));
#893=CARTESIAN_POINT('',(131.444289666,104.984544035,136.755001522));
#894=CARTESIAN_POINT('',(132.330389426,104.980802707,136.748749235));
#895=CARTESIAN_POINT('',(133.211247996,105.020597752,136.741234028));
#896=CARTESIAN_POINT('',(134.08698008,105.102976708,136.732487258));
#897=CARTESIAN_POINT('',(135.838444246,105.267734621,136.714993718));
#898=CARTESIAN_POINT('',(137.570654154,105.601897356,136.692590116));
#899=CARTESIAN_POINT('',(139.279406944,106.111840351,136.665155077));
#900=CARTESIAN_POINT('',(140.988159735,106.621783347,136.637720038));
#901=CARTESIAN_POINT('',(142.618609582,107.290907616,136.606141576));
#902=CARTESIAN_POINT('',(144.173890799,108.112843438,136.570630595));
#903=CARTESIAN_POINT('',(144.951531407,108.523811348,136.552875104));
#904=CARTESIAN_POINT('',(145.710240428,108.97326559,136.534129034));
#905=CARTESIAN_POINT('',(146.449577219,109.46210222,136.5143754));
#906=CARTESIAN_POINT('',(146.819245615,109.706520534,136.504498583));
#907=CARTESIAN_POINT('',(147.184726158,109.961295565,136.494350107));
#908=CARTESIAN_POINT('',(147.543691963,110.225008752,136.483989365));
#909=CARTESIAN_POINT('',(147.902657768,110.488721938,136.473628623));
#910=CARTESIAN_POINT('',(148.254036788,110.760529799,136.463088186));
#911=CARTESIAN_POINT('',(148.597935076,111.040319211,136.452371323));
#912=CARTESIAN_POINT('',(149.973528225,112.159476859,136.409503869));
#913=CARTESIAN_POINT('',(151.230515866,113.405180385,136.363839229));
#914=CARTESIAN_POINT('',(152.366882557,114.77958171,136.315371623));
#915=B_SPLINE_CURVE_WITH_KNOTS('',3,(#728,#729,#730,#731,#732,#733,#734,#735,#736,#737,#738,#739,#740,#741,#742,#743,#744,#745,#746,#747,#748,#749,#750,#751,#752,#753,
#754,#755,#756,#757,#758,#759,#760,#761,#762,#763,#764,#765,#766,#767,#768,#769,#770,#771,#772,#773,#774,#775,#776,#777,#778,
#779,#780,#781,#782,#783,#784,#785,#786,#787,#788,#789,#790,#791,#792,#793,#794,#795,#796,#797,#798,#799,#800,#801,#802,#803,
#804,#805,#806,#807,#808,#809,#810,#811,#812,#813,#814,#815,#816,#817,#818,#819,#820,#821,#822,#823,#824,#825,#826,#827,#828,
#829,#830,#831,#832,#833,#834,#835,#836,#837,#838,#839,#840,#841,#842,#843,#844,#845,#846,#847,#848,#849,#850,#851,#852,#853,
#854,#855,#856,#857,#858,#859,#860,#861,#862,#863,#864,#865,#866,#867,#868,#869,#870,#871,#872,#873,#874,#875,#876,#877,#878,
#879,#880,#881,#882,#883,#884,#885,#886,#887,#888,#889,#890,#891,#892,#893,#894,#895,#896,#897,#898,#899,#900,#901,#902,#903,
#904,#905,#906,#907,#908,#909,#910,#911,#912,#913,#914),.UNSPECIFIED.,.T.,.F.,(4,3,3,3,3,3,3,3,3,3,3,3,3,3,3,3,3,3,3,3,3,3,3,3,3,3,
3,3,3,3,3,3,3,3,3,3,3,3,3,3,3,3,3,3,3,3,3,3,3,3,3,
3,3,3,3,3,3,3,3,3,3,3,4),(0.,0.005294616,0.007941923,0.010589231,0.015883847,0.017207501,0.018531154,0.021178462,0.02382577,0.025149424,0.026473078,0.031767693,0.034415001,0.035738655,0.037062309,0.042356924,0.043680578,0.045004232,0.04765154,0.052946155,0.054269809,0.055593463,0.058240771,0.060888079,0.062211733,0.063535387,
0.068830002,0.07147731,0.074124618,0.079419233,0.082066541,0.084713849,0.087361156,0.08868481,0.090008464,0.09530308,0.097950388,0.099274041,0.100597695,0.105892311,0.107215965,0.108539619,0.111186926,0.116481542,0.117805196,0.11912885,0.121776158,0.124423465,0.125747119,0.127070773,0.132365389,
0.135012696,0.13633635,0.137660004,0.14295462,0.145601927,0.148249235,0.153543851,0.158838466,0.161485774,0.162809428,0.164133082,0.169427697),.UNSPECIFIED.);
#916=EDGE_CURVE('',#702,#727,#915,.T.);
#917=ORIENTED_EDGE('',*,*,#916,.T.);
#918=CARTESIAN_POINT('',(152.366882557,114.77958171,136.315371623));
#919=VERTEX_POINT('',#918);
#920=CARTESIAN_POINT('',(152.366882557,114.77958171,136.315371623));
#921=CARTESIAN_POINT('',(153.503247149,116.153980497,136.266904107));
#922=CARTESIAN_POINT('',(154.488279841,117.619922169,136.216944207));
#923=CARTESIAN_POINT('',(155.326270793,119.174812491,136.165562377));
#924=CARTESIAN_POINT('',(155.745266269,119.952257652,136.139871462));
#925=CARTESIAN_POINT('',(156.127432978,120.752578833,136.11380685));
#926=CARTESIAN_POINT('',(156.471064497,121.574998263,136.087406361));
#927=CARTESIAN_POINT('',(156.814696016,122.397417692,136.061005872));
#928=CARTESIAN_POINT('',(157.114850296,123.229968935,136.034653202));
#929=CARTESIAN_POINT('',(157.373019068,124.07230439,136.008347606));
#930=CARTESIAN_POINT('',(157.889356612,125.756975298,135.955736416));
#931=CARTESIAN_POINT('',(158.238930702,127.480508436,135.903313351));
#932=CARTESIAN_POINT('',(158.418826381,129.243582914,135.851075725));
#933=CARTESIAN_POINT('',(158.4638003,129.684351534,135.838016319));
#934=CARTESIAN_POINT('',(158.498116896,130.128524593,135.824941923));
#935=CARTESIAN_POINT('',(158.521386685,130.573140626,135.8119407));
#936=CARTESIAN_POINT('',(158.544656474,131.017756658,135.798939476));
#937=CARTESIAN_POINT('',(158.556842958,131.461167782,135.786059242));
#938=CARTESIAN_POINT('',(158.5581681,131.903398116,135.773297196));
#939=CARTESIAN_POINT('',(158.560818384,132.787858785,135.747773103));
#940=CARTESIAN_POINT('',(158.520100543,133.667604703,135.722721255));
#941=CARTESIAN_POINT('',(158.436802979,134.542721485,135.698129589));
#942=CARTESIAN_POINT('',(158.353505416,135.417838267,135.673537922));
#943=CARTESIAN_POINT('',(158.227626516,136.288325744,135.649406732));
#944=CARTESIAN_POINT('',(158.058720214,137.154135305,135.625736659));
#945=CARTESIAN_POINT('',(157.974267062,137.587040086,135.613901622));
#946=CARTESIAN_POINT('',(157.879038041,138.01877332,135.602182066));
#947=CARTESIAN_POINT('',(157.77285802,138.449315951,135.590579305));
#948=CARTESIAN_POINT('',(157.666677998,138.879858582,135.578976544));
#949=CARTESIAN_POINT('',(157.549182521,139.310377401,135.567459702));
#950=CARTESIAN_POINT('',(157.421458376,139.736495716,135.556146055));
#951=CARTESIAN_POINT('',(156.910561795,141.440968978,135.510891469));
#952=CARTESIAN_POINT('',(156.240594957,143.069447172,135.469014858));
#953=CARTESIAN_POINT('',(155.416776157,144.624422264,135.430363827));
#954=CARTESIAN_POINT('',(155.004866757,145.40190981,135.411038311));
#955=CARTESIAN_POINT('',(154.554213899,146.160887589,135.39252516));
#956=CARTESIAN_POINT('',(154.063767087,146.900853584,135.374840836));
#957=CARTESIAN_POINT('',(153.818543681,147.270836581,135.365998675));
#958=CARTESIAN_POINT('',(153.562616007,147.637008948,135.35734213));
#959=CARTESIAN_POINT('',(153.299030471,147.994930279,135.348975892));
#960=CARTESIAN_POINT('',(153.035444934,148.35285161,135.340609655));
#961=CARTESIAN_POINT('',(152.763999283,148.702946931,135.332523066));
#962=CARTESIAN_POINT('',(152.484836735,149.04535882,135.324710225));
#963=CARTESIAN_POINT('',(151.368186542,150.41500638,135.293458858));
#964=CARTESIAN_POINT('',(150.129164522,151.662812832,135.266549732));
#965=CARTESIAN_POINT('',(148.767871053,152.7888773,135.243941241));
#966=CARTESIAN_POINT('',(148.427547686,153.070393416,135.238289118));
#967=CARTESIAN_POINT('',(148.079513731,153.344232334,135.232908205));
#968=CARTESIAN_POINT('',(147.723629427,153.610254888,135.22780298));
#969=CARTESIAN_POINT('',(147.367745123,153.876277441,135.222697755));
#970=CARTESIAN_POINT('',(147.003286983,154.134908932,135.217861085));
#971=CARTESIAN_POINT('',(146.634819889,154.38292444,135.213352661));
#972=CARTESIAN_POINT('',(145.8978857,154.878955456,135.204335813));
#973=CARTESIAN_POINT('',(145.141737092,155.335206451,135.196577751));
#974=CARTESIAN_POINT('',(144.366897303,155.752760648,135.190040886));
#975=CARTESIAN_POINT('',(142.817217724,156.587869042,135.176967157));
#976=CARTESIAN_POINT('',(141.193313015,157.269307383,135.168743245));
#977=CARTESIAN_POINT('',(139.492792094,157.792125161,135.165511553));
#978=CARTESIAN_POINT('',(139.067661864,157.922829605,135.16470363));
#979=CARTESIAN_POINT('',(138.637581186,158.043477949,135.164212919));
#980=CARTESIAN_POINT('',(138.207454992,158.152769044,135.164042831));
#981=CARTESIAN_POINT('',(137.777328799,158.26206014,135.163872743));
#982=CARTESIAN_POINT('',(137.345964651,158.360383514,135.164020446));
#983=CARTESIAN_POINT('',(136.91338289,158.447919388,135.164480593));
#984=CARTESIAN_POINT('',(136.048219369,158.622991136,135.165400887));
#985=CARTESIAN_POINT('',(135.178194003,158.754989127,135.167569117));
#986=CARTESIAN_POINT('',(134.30336128,158.84439607,135.17097206));
#987=CARTESIAN_POINT('',(133.428528557,158.933803013,135.174375002));
#988=CARTESIAN_POINT('',(132.548888622,158.980620189,135.179012484));
#989=CARTESIAN_POINT('',(131.664356536,158.98409503,135.184908493));
#990=CARTESIAN_POINT('',(131.222090494,158.98583245,135.187856498));
#991=CARTESIAN_POINT('',(130.778599236,158.976714997,135.191119599));
#992=CARTESIAN_POINT('',(130.333858257,158.956525535,135.194704535));
#993=CARTESIAN_POINT('',(129.889117277,158.936336072,135.198289472));
#994=CARTESIAN_POINT('',(129.444152787,158.905057942,135.202189736));
#995=CARTESIAN_POINT('',(129.002747385,158.863090645,135.20636874));
#996=CARTESIAN_POINT('',(127.237125776,158.695221454,135.223084756));
#997=CARTESIAN_POINT('',(125.510459715,158.35719842,135.244357121));
#998=CARTESIAN_POINT('',(123.822013279,157.852237826,135.270131621));
#999=CARTESIAN_POINT('',(122.977790062,157.599757528,135.283018871));
#1000=CARTESIAN_POINT('',(122.143189525,157.3052468,135.297039432));
#1001=CARTESIAN_POINT('',(121.318544943,156.967250256,135.31223788));
#1002=CARTESIAN_POINT('',(120.493900362,156.629253712,135.327436329));
#1003=CARTESIAN_POINT('',(119.690786001,156.252382016,135.343603129));
#1004=CARTESIAN_POINT('',(118.911842928,155.839436857,135.360645576));
#1005=CARTESIAN_POINT('',(117.353956781,155.013546537,135.39473047));
#1006=CARTESIAN_POINT('',(115.887544529,154.042522046,135.432376559));
#1007=CARTESIAN_POINT('',(114.513852066,152.924388345,135.473676159));
#1008=CARTESIAN_POINT('',(113.827005834,152.365321494,135.494325958));
#1009=CARTESIAN_POINT('',(113.161316138,151.766489277,135.515988676));
#1010=CARTESIAN_POINT('',(112.533233158,151.142780296,135.538131741));
#1011=CARTESIAN_POINT('',(111.905150178,150.519071315,135.560274806));
#1012=CARTESIAN_POINT('',(111.31130523,149.8681687,135.582987121));
#1013=CARTESIAN_POINT('',(110.751012622,149.190617227,135.606262124));
#1014=CARTESIAN_POINT('',(110.190720015,148.513065753,135.629537126));
#1015=CARTESIAN_POINT('',(109.663981633,147.808863917,135.653374602));
#1016=CARTESIAN_POINT('',(109.17108587,147.077782817,135.677783928));
#1017=CARTESIAN_POINT('',(108.924637989,146.712242267,135.689988592));
#1018=CARTESIAN_POINT('',(108.686665715,146.339970019,135.702336327));
#1019=CARTESIAN_POINT('',(108.457298554,145.960863238,135.714829937));
#1020=CARTESIAN_POINT('',(108.227931392,145.581756457,135.727323547));
#1021=CARTESIAN_POINT('',(108.006728786,145.194988727,135.739989804));
#1022=CARTESIAN_POINT('',(107.795355861,144.803156423,135.752743017));
#1023=CARTESIAN_POINT('',(106.949864165,143.235827203,135.80375587));
#1024=CARTESIAN_POINT('',(106.271342764,141.610542258,135.855427042));
#1025=CARTESIAN_POINT('',(105.753728936,139.929406488,135.907749132));
#1026=CARTESIAN_POINT('',(105.494922022,139.088838603,135.933910176));
#1027=CARTESIAN_POINT('',(105.276637634,138.234205387,135.960234783));
#1028=CARTESIAN_POINT('',(105.099898062,137.365152022,135.986727675));
#1029=CARTESIAN_POINT('',(105.011528276,136.930625339,135.999974121));
#1030=CARTESIAN_POINT('',(104.933393369,136.491268168,136.013299365));
#1031=CARTESIAN_POINT('',(104.866394051,136.051578517,136.026566341));
#1032=CARTESIAN_POINT('',(104.799394733,135.611888866,136.039833316));
#1033=CARTESIAN_POINT('',(104.743509962,135.172233559,136.053031418));
#1034=CARTESIAN_POINT('',(104.69852759,134.732611936,136.066161851));
#1035=CARTESIAN_POINT('',(104.518598101,132.974125445,136.118683583));
#1036=CARTESIAN_POINT('',(104.511556333,131.216173157,136.17013362));
#1037=CARTESIAN_POINT('',(104.676667497,129.45875227,136.220498379));
#1038=CARTESIAN_POINT('',(104.717945288,129.019397048,136.233089568));
#1039=CARTESIAN_POINT('',(104.770079291,128.580075337,136.245612291));
#1040=CARTESIAN_POINT('',(104.833256346,128.140787697,136.258064855));
#1041=CARTESIAN_POINT('',(104.896433401,127.701500058,136.270517419));
#1042=CARTESIAN_POINT('',(104.970910974,127.261084632,136.282932227));
#1043=CARTESIAN_POINT('',(105.055829248,126.824883794,136.295157894));
#1044=CARTESIAN_POINT('',(105.225665796,125.952482119,136.319609228));
#1045=CARTESIAN_POINT('',(105.437221574,125.09485685,136.343365231));
#1046=CARTESIAN_POINT('',(105.689292245,124.251581304,136.366441392));
#1047=CARTESIAN_POINT('',(106.193433588,122.565030211,136.412593713));
#1048=CARTESIAN_POINT('',(106.858473621,120.935466871,136.456047254));
#1049=CARTESIAN_POINT('',(107.689035852,119.364527656,136.496679984));
#1050=CARTESIAN_POINT('',(107.896676409,118.971792852,136.506838167));
#1051=CARTESIAN_POINT('',(108.115219022,118.582077888,136.516835248));
#1052=CARTESIAN_POINT('',(108.341922767,118.200242855,136.526545904));
#1053=CARTESIAN_POINT('',(108.568626512,117.818407822,136.536256559));
#1054=CARTESIAN_POINT('',(108.80394459,117.443508621,136.545705491));
#1055=CARTESIAN_POINT('',(109.047728247,117.075425465,136.554896525));
#1056=CARTESIAN_POINT('',(109.53529556,116.339259153,136.573278593));
#1057=CARTESIAN_POINT('',(110.056665309,115.630308812,136.590630829));
#1058=CARTESIAN_POINT('',(110.611403444,114.948224822,136.606960426));
#1059=CARTESIAN_POINT('',(111.166141579,114.266140831,136.623290023));
#1060=CARTESIAN_POINT('',(111.754247631,113.610922825,136.638597468));
#1061=CARTESIAN_POINT('',(112.376254502,112.982999719,136.652860203));
#1062=CARTESIAN_POINT('',(112.687257938,112.669038165,136.659991571));
#1063=CARTESIAN_POINT('',(113.006751631,112.36191246,136.666861476));
#1064=CARTESIAN_POINT('',(113.334897857,112.061753237,136.673464079));
#1065=CARTESIAN_POINT('',(113.663044083,111.761594015,136.680066682));
#1066=CARTESIAN_POINT('',(113.999971659,111.468397417,136.686401251));
#1067=CARTESIAN_POINT('',(114.34180642,111.185440018,136.692397138));
#1068=CARTESIAN_POINT('',(115.709145466,110.053610421,136.716380683));
#1069=CARTESIAN_POINT('',(117.168731833,109.070457326,136.735297314));
#1070=CARTESIAN_POINT('',(118.718511493,108.232669626,136.749227429));
#1071=CARTESIAN_POINT('',(119.493401323,107.813775775,136.756192486));
#1072=CARTESIAN_POINT('',(120.291000417,107.431482676,136.76190266));
#1073=CARTESIAN_POINT('',(121.112053779,107.086991002,136.766313787));
#1074=CARTESIAN_POINT('',(121.52258046,106.914745164,136.76851935));
#1075=CARTESIAN_POINT('',(121.93808965,106.752411236,136.770392703));
#1076=CARTESIAN_POINT('',(122.354955209,106.601264911,136.771921552));
#1077=CARTESIAN_POINT('',(122.771820769,106.450118587,136.773450401));
#1078=CARTESIAN_POINT('',(123.191064309,106.309721951,136.774640389));
#1079=CARTESIAN_POINT('',(123.612648975,106.179908403,136.77549683));
#1080=CARTESIAN_POINT('',(125.298987638,105.660654207,136.778922593));
#1081=CARTESIAN_POINT('',(127.022449757,105.309217045,136.777055732));
#1082=CARTESIAN_POINT('',(128.783406338,105.127274038,136.769846998));
#1083=CARTESIAN_POINT('',(129.663884628,105.036302535,136.76624263));
#1084=CARTESIAN_POINT('',(130.558189906,104.988285362,136.761253809));
#1085=CARTESIAN_POINT('',(131.444289666,104.984544035,136.755001522));
#1086=CARTESIAN_POINT('',(132.330389426,104.980802707,136.748749235));
#1087=CARTESIAN_POINT('',(133.211247996,105.020597752,136.741234028));
#1088=CARTESIAN_POINT('',(134.08698008,105.102976708,136.732487258));
#1089=CARTESIAN_POINT('',(135.838444246,105.267734621,136.714993718));
#1090=CARTESIAN_POINT('',(137.570654154,105.601897356,136.692590116));
#1091=CARTESIAN_POINT('',(139.279406944,106.111840351,136.665155077));
#1092=CARTESIAN_POINT('',(140.988159735,106.621783347,136.637720038));
#1093=CARTESIAN_POINT('',(142.618609582,107.290907616,136.606141576));
#1094=CARTESIAN_POINT('',(144.173890799,108.112843438,136.570630595));
#1095=CARTESIAN_POINT('',(144.951531407,108.523811348,136.552875104));
#1096=CARTESIAN_POINT('',(145.710240428,108.97326559,136.534129034));
#1097=CARTESIAN_POINT('',(146.449577219,109.46210222,136.5143754));
#1098=CARTESIAN_POINT('',(146.819245615,109.706520534,136.504498583));
#1099=CARTESIAN_POINT('',(147.184726158,109.961295565,136.494350107));
#1100=CARTESIAN_POINT('',(147.543691963,110.225008752,136.483989365));
#1101=CARTESIAN_POINT('',(147.902657768,110.488721938,136.473628623));
#1102=CARTESIAN_POINT('',(148.254036788,110.760529799,136.463088186));
#1103=CARTESIAN_POINT('',(148.597935076,111.040319211,136.452371323));
#1104=CARTESIAN_POINT('',(149.973528225,112.159476859,136.409503869));
#1105=CARTESIAN_POINT('',(151.230515866,113.405180385,136.363839229));
#1106=CARTESIAN_POINT('',(152.366882557,114.77958171,136.315371623));
#1107=B_SPLINE_CURVE_WITH_KNOTS('',3,(#920,#921,#922,#923,#924,#925,#926,#927,#928,#929,#930,#931,#932,#933,#934,#935,#936,#937,#938,#939,#940,#941,#942,#943,#944,#945,
#946,#947,#948,#949,#950,#951,#952,#953,#954,#955,#956,#957,#958,#959,#960,#961,#962,#963,#964,#965,#966,#967,#968,#969,#970,
#971,#972,#973,#974,#975,#976,#977,#978,#979,#980,#981,#982,#983,#984,#985,#986,#987,#988,#989,#990,#991,#992,#993,#994,#995,
#996,#997,#998,#999,#1000,#1001,#1002,#1003,#1004,#1005,#1006,#1007,#1008,#1009,#1010,#1011,#1012,#1013,#1014,#1015,#1016,#1017,#1018,#1019,#1020,
#1021,#1022,#1023,#1024,#1025,#1026,#1027,#1028,#1029,#1030,#1031,#1032,#1033,#1034,#1035,#1036,#1037,#1038,#1039,#1040,#1041,#1042,#1043,#1044,#1045,
#1046,#1047,#1048,#1049,#1050,#1051,#1052,#1053,#1054,#1055,#1056,#1057,#1058,#1059,#1060,#1061,#1062,#1063,#1064,#1065,#1066,#1067,#1068,#1069,#1070,
#1071,#1072,#1073,#1074,#1075,#1076,#1077,#1078,#1079,#1080,#1081,#1082,#1083,#1084,#1085,#1086,#1087,#1088,#1089,#1090,#1091,#1092,#1093,#1094,#1095,
#1096,#1097,#1098,#1099,#1100,#1101,#1102,#1103,#1104,#1105,#1106),.UNSPECIFIED.,.T.,.F.,(4,3,3,3,3,3,3,3,3,3,3,3,3,3,3,3,3,3,3,3,3,3,3,3,3,3,
3,3,3,3,3,3,3,3,3,3,3,3,3,3,3,3,3,3,3,3,3,3,3,3,3,
3,3,3,3,3,3,3,3,3,3,3,4),(0.,0.005294616,0.007941923,0.010589231,0.015883847,0.017207501,0.018531154,0.021178462,0.02382577,0.025149424,0.026473078,0.031767693,0.034415001,0.035738655,0.037062309,0.042356924,0.043680578,0.045004232,0.04765154,0.052946155,0.054269809,0.055593463,0.058240771,0.060888079,0.062211733,0.063535387,
0.068830002,0.07147731,0.074124618,0.079419233,0.082066541,0.084713849,0.087361156,0.08868481,0.090008464,0.09530308,0.097950388,0.099274041,0.100597695,0.105892311,0.107215965,0.108539619,0.111186926,0.116481542,0.117805196,0.11912885,0.121776158,0.124423465,0.125747119,0.127070773,0.132365389,
0.135012696,0.13633635,0.137660004,0.14295462,0.145601927,0.148249235,0.153543851,0.158838466,0.161485774,0.162809428,0.164133082,0.169427697),.UNSPECIFIED.);
#1108=EDGE_CURVE('',#727,#919,#1107,.T.);
#1109=ORIENTED_EDGE('',*,*,#1108,.T.);
#1110=CARTESIAN_POINT('',(152.366882557,114.77958171,136.315371623));
#1111=CARTESIAN_POINT('',(153.503247149,116.153980497,136.266904107));
#1112=CARTESIAN_POINT('',(154.488279841,117.619922169,136.216944207));
#1113=CARTESIAN_POINT('',(155.326270793,119.174812491,136.165562377));
#1114=CARTESIAN_POINT('',(155.745266269,119.952257652,136.139871462));
#1115=CARTESIAN_POINT('',(156.127432978,120.752578833,136.11380685));
#1116=CARTESIAN_POINT('',(156.471064497,121.574998263,136.087406361));
#1117=CARTESIAN_POINT('',(156.814696016,122.397417692,136.061005872));
#1118=CARTESIAN_POINT('',(157.114850296,123.229968935,136.034653202));
#1119=CARTESIAN_POINT('',(157.373019068,124.07230439,136.008347606));
#1120=CARTESIAN_POINT('',(157.889356612,125.756975298,135.955736416));
#1121=CARTESIAN_POINT('',(158.238930702,127.480508436,135.903313351));
#1122=CARTESIAN_POINT('',(158.418826381,129.243582914,135.851075725));
#1123=CARTESIAN_POINT('',(158.4638003,129.684351534,135.838016319));
#1124=CARTESIAN_POINT('',(158.498116896,130.128524593,135.824941923));
#1125=CARTESIAN_POINT('',(158.521386685,130.573140626,135.8119407));
#1126=CARTESIAN_POINT('',(158.544656474,131.017756658,135.798939476));
#1127=CARTESIAN_POINT('',(158.556842958,131.461167782,135.786059242));
#1128=CARTESIAN_POINT('',(158.5581681,131.903398116,135.773297196));
#1129=CARTESIAN_POINT('',(158.560818384,132.787858785,135.747773103));
#1130=CARTESIAN_POINT('',(158.520100543,133.667604703,135.722721255));
#1131=CARTESIAN_POINT('',(158.436802979,134.542721485,135.698129589));
#1132=CARTESIAN_POINT('',(158.353505416,135.417838267,135.673537922));
#1133=CARTESIAN_POINT('',(158.227626516,136.288325744,135.649406732));
#1134=CARTESIAN_POINT('',(158.058720214,137.154135305,135.625736659));
#1135=CARTESIAN_POINT('',(157.974267062,137.587040086,135.613901622));
#1136=CARTESIAN_POINT('',(157.879038041,138.01877332,135.602182066));
#1137=CARTESIAN_POINT('',(157.77285802,138.449315951,135.590579305));
#1138=CARTESIAN_POINT('',(157.666677998,138.879858582,135.578976544));
#1139=CARTESIAN_POINT('',(157.549182521,139.310377401,135.567459702));
#1140=CARTESIAN_POINT('',(157.421458376,139.736495716,135.556146055));
#1141=CARTESIAN_POINT('',(156.910561795,141.440968978,135.510891469));
#1142=CARTESIAN_POINT('',(156.240594957,143.069447172,135.469014858));
#1143=CARTESIAN_POINT('',(155.416776157,144.624422264,135.430363827));
#1144=CARTESIAN_POINT('',(155.004866757,145.40190981,135.411038311));
#1145=CARTESIAN_POINT('',(154.554213899,146.160887589,135.39252516));
#1146=CARTESIAN_POINT('',(154.063767087,146.900853584,135.374840836));
#1147=CARTESIAN_POINT('',(153.818543681,147.270836581,135.365998675));
#1148=CARTESIAN_POINT('',(153.562616007,147.637008948,135.35734213));
#1149=CARTESIAN_POINT('',(153.299030471,147.994930279,135.348975892));
#1150=CARTESIAN_POINT('',(153.035444934,148.35285161,135.340609655));
#1151=CARTESIAN_POINT('',(152.763999283,148.702946931,135.332523066));
#1152=CARTESIAN_POINT('',(152.484836735,149.04535882,135.324710225));
#1153=CARTESIAN_POINT('',(151.368186542,150.41500638,135.293458858));
#1154=CARTESIAN_POINT('',(150.129164522,151.662812832,135.266549732));
#1155=CARTESIAN_POINT('',(148.767871053,152.7888773,135.243941241));
#1156=CARTESIAN_POINT('',(148.427547686,153.070393416,135.238289118));
#1157=CARTESIAN_POINT('',(148.079513731,153.344232334,135.232908205));
#1158=CARTESIAN_POINT('',(147.723629427,153.610254888,135.22780298));
#1159=CARTESIAN_POINT('',(147.367745123,153.876277441,135.222697755));
#1160=CARTESIAN_POINT('',(147.003286983,154.134908932,135.217861085));
#1161=CARTESIAN_POINT('',(146.634819889,154.38292444,135.213352661));
#1162=CARTESIAN_POINT('',(145.8978857,154.878955456,135.204335813));
#1163=CARTESIAN_POINT('',(145.141737092,155.335206451,135.196577751));
#1164=CARTESIAN_POINT('',(144.366897303,155.752760648,135.190040886));
#1165=CARTESIAN_POINT('',(142.817217724,156.587869042,135.176967157));
#1166=CARTESIAN_POINT('',(141.193313015,157.269307383,135.168743245));
#1167=CARTESIAN_POINT('',(139.492792094,157.792125161,135.165511553));
#1168=CARTESIAN_POINT('',(139.067661864,157.922829605,135.16470363));
#1169=CARTESIAN_POINT('',(138.637581186,158.043477949,135.164212919));
#1170=CARTESIAN_POINT('',(138.207454992,158.152769044,135.164042831));
#1171=CARTESIAN_POINT('',(137.777328799,158.26206014,135.163872743));
#1172=CARTESIAN_POINT('',(137.345964651,158.360383514,135.164020446));
#1173=CARTESIAN_POINT('',(136.91338289,158.447919388,135.164480593));
#1174=CARTESIAN_POINT('',(136.048219369,158.622991136,135.165400887));
#1175=CARTESIAN_POINT('',(135.178194003,158.754989127,135.167569117));
#1176=CARTESIAN_POINT('',(134.30336128,158.84439607,135.17097206));
#1177=CARTESIAN_POINT('',(133.428528557,158.933803013,135.174375002));
#1178=CARTESIAN_POINT('',(132.548888622,158.980620189,135.179012484));
#1179=CARTESIAN_POINT('',(131.664356536,158.98409503,135.184908493));
#1180=CARTESIAN_POINT('',(131.222090494,158.98583245,135.187856498));
#1181=CARTESIAN_POINT('',(130.778599236,158.976714997,135.191119599));
#1182=CARTESIAN_POINT('',(130.333858257,158.956525535,135.194704535));
#1183=CARTESIAN_POINT('',(129.889117277,158.936336072,135.198289472));
#1184=CARTESIAN_POINT('',(129.444152787,158.905057942,135.202189736));
#1185=CARTESIAN_POINT('',(129.002747385,158.863090645,135.20636874));
#1186=CARTESIAN_POINT('',(127.237125776,158.695221454,135.223084756));
#1187=CARTESIAN_POINT('',(125.510459715,158.35719842,135.244357121));
#1188=CARTESIAN_POINT('',(123.822013279,157.852237826,135.270131621));
#1189=CARTESIAN_POINT('',(122.977790062,157.599757528,135.283018871));
#1190=CARTESIAN_POINT('',(122.143189525,157.3052468,135.297039432));
#1191=CARTESIAN_POINT('',(121.318544943,156.967250256,135.31223788));
#1192=CARTESIAN_POINT('',(120.493900362,156.629253712,135.327436329));
#1193=CARTESIAN_POINT('',(119.690786001,156.252382016,135.343603129));
#1194=CARTESIAN_POINT('',(118.911842928,155.839436857,135.360645576));
#1195=CARTESIAN_POINT('',(117.353956781,155.013546537,135.39473047));
#1196=CARTESIAN_POINT('',(115.887544529,154.042522046,135.432376559));
#1197=CARTESIAN_POINT('',(114.513852066,152.924388345,135.473676159));
#1198=CARTESIAN_POINT('',(113.827005834,152.365321494,135.494325958));
#1199=CARTESIAN_POINT('',(113.161316138,151.766489277,135.515988676));
#1200=CARTESIAN_POINT('',(112.533233158,151.142780296,135.538131741));
#1201=CARTESIAN_POINT('',(111.905150178,150.519071315,135.560274806));
#1202=CARTESIAN_POINT('',(111.31130523,149.8681687,135.582987121));
#1203=CARTESIAN_POINT('',(110.751012622,149.190617227,135.606262124));
#1204=CARTESIAN_POINT('',(110.190720015,148.513065753,135.629537126));
#1205=CARTESIAN_POINT('',(109.663981633,147.808863917,135.653374602));
#1206=CARTESIAN_POINT('',(109.17108587,147.077782817,135.677783928));
#1207=CARTESIAN_POINT('',(108.924637989,146.712242267,135.689988592));
#1208=CARTESIAN_POINT('',(108.686665715,146.339970019,135.702336327));
#1209=CARTESIAN_POINT('',(108.457298554,145.960863238,135.714829937));
#1210=CARTESIAN_POINT('',(108.227931392,145.581756457,135.727323547));
#1211=CARTESIAN_POINT('',(108.006728786,145.194988727,135.739989804));
#1212=CARTESIAN_POINT('',(107.795355861,144.803156423,135.752743017));
#1213=CARTESIAN_POINT('',(106.949864165,143.235827203,135.80375587));
#1214=CARTESIAN_POINT('',(106.271342764,141.610542258,135.855427042));
#1215=CARTESIAN_POINT('',(105.753728936,139.929406488,135.907749132));
#1216=CARTESIAN_POINT('',(105.494922022,139.088838603,135.933910176));
#1217=CARTESIAN_POINT('',(105.276637634,138.234205387,135.960234783));
#1218=CARTESIAN_POINT('',(105.099898062,137.365152022,135.986727675));
#1219=CARTESIAN_POINT('',(105.011528276,136.930625339,135.999974121));
#1220=CARTESIAN_POINT('',(104.933393369,136.491268168,136.013299365));
#1221=CARTESIAN_POINT('',(104.866394051,136.051578517,136.026566341));
#1222=CARTESIAN_POINT('',(104.799394733,135.611888866,136.039833316));
#1223=CARTESIAN_POINT('',(104.743509962,135.172233559,136.053031418));
#1224=CARTESIAN_POINT('',(104.69852759,134.732611936,136.066161851));
#1225=CARTESIAN_POINT('',(104.518598101,132.974125445,136.118683583));
#1226=CARTESIAN_POINT('',(104.511556333,131.216173157,136.17013362));
#1227=CARTESIAN_POINT('',(104.676667497,129.45875227,136.220498379));
#1228=CARTESIAN_POINT('',(104.717945288,129.019397048,136.233089568));
#1229=CARTESIAN_POINT('',(104.770079291,128.580075337,136.245612291));
#1230=CARTESIAN_POINT('',(104.833256346,128.140787697,136.258064855));
#1231=CARTESIAN_POINT('',(104.896433401,127.701500058,136.270517419));
#1232=CARTESIAN_POINT('',(104.970910974,127.261084632,136.282932227));
#1233=CARTESIAN_POINT('',(105.055829248,126.824883794,136.295157894));
#1234=CARTESIAN_POINT('',(105.225665796,125.952482119,136.319609228));
#1235=CARTESIAN_POINT('',(105.437221574,125.09485685,136.343365231));
#1236=CARTESIAN_POINT('',(105.689292245,124.251581304,136.366441392));
#1237=CARTESIAN_POINT('',(106.193433588,122.565030211,136.412593713));
#1238=CARTESIAN_POINT('',(106.858473621,120.935466871,136.456047254));
#1239=CARTESIAN_POINT('',(107.689035852,119.364527656,136.496679984));
#1240=CARTESIAN_POINT('',(107.896676409,118.971792852,136.506838167));
#1241=CARTESIAN_POINT('',(108.115219022,118.582077888,136.516835248));
#1242=CARTESIAN_POINT('',(108.341922767,118.200242855,136.526545904));
#1243=CARTESIAN_POINT('',(108.568626512,117.818407822,136.536256559));
#1244=CARTESIAN_POINT('',(108.80394459,117.443508621,136.545705491));
#1245=CARTESIAN_POINT('',(109.047728247,117.075425465,136.554896525));
#1246=CARTESIAN_POINT('',(109.53529556,116.339259153,136.573278593));
#1247=CARTESIAN_POINT('',(110.056665309,115.630308812,136.590630829));
#1248=CARTESIAN_POINT('',(110.611403444,114.948224822,136.606960426));
#1249=CARTESIAN_POINT('',(111.166141579,114.266140831,136.623290023));
#1250=CARTESIAN_POINT('',(111.754247631,113.610922825,136.638597468));
#1251=CARTESIAN_POINT('',(112.376254502,112.982999719,136.652860203));
#1252=CARTESIAN_POINT('',(112.687257938,112.669038165,136.659991571));
#1253=CARTESIAN_POINT('',(113.006751631,112.36191246,136.666861476));
#1254=CARTESIAN_POINT('',(113.334897857,112.061753237,136.673464079));
#1255=CARTESIAN_POINT('',(113.663044083,111.761594015,136.680066682));
#1256=CARTESIAN_POINT('',(113.999971659,111.468397417,136.686401251));
#1257=CARTESIAN_POINT('',(114.34180642,111.185440018,136.692397138));
#1258=CARTESIAN_POINT('',(115.709145466,110.053610421,136.716380683));
#1259=CARTESIAN_POINT('',(117.168731833,109.070457326,136.735297314));
#1260=CARTESIAN_POINT('',(118.718511493,108.232669626,136.749227429));
#1261=CARTESIAN_POINT('',(119.493401323,107.813775775,136.756192486));
#1262=CARTESIAN_POINT('',(120.291000417,107.431482676,136.76190266));
#1263=CARTESIAN_POINT('',(121.112053779,107.086991002,136.766313787));
#1264=CARTESIAN_POINT('',(121.52258046,106.914745164,136.76851935));
#1265=CARTESIAN_POINT('',(121.93808965,106.752411236,136.770392703));
#1266=CARTESIAN_POINT('',(122.354955209,106.601264911,136.771921552));
#1267=CARTESIAN_POINT('',(122.771820769,106.450118587,136.773450401));
#1268=CARTESIAN_POINT('',(123.191064309,106.309721951,136.774640389));
#1269=CARTESIAN_POINT('',(123.612648975,106.179908403,136.77549683));
#1270=CARTESIAN_POINT('',(125.298987638,105.660654207,136.778922593));
#1271=CARTESIAN_POINT('',(127.022449757,105.309217045,136.777055732));
#1272=CARTESIAN_POINT('',(128.783406338,105.127274038,136.769846998));
#1273=CARTESIAN_POINT('',(129.663884628,105.036302535,136.76624263));
#1274=CARTESIAN_POINT('',(130.558189906,104.988285362,136.761253809));
#1275=CARTESIAN_POINT('',(131.444289666,104.984544035,136.755001522));
#1276=CARTESIAN_POINT('',(132.330389426,104.980802707,136.748749235));
#1277=CARTESIAN_POINT('',(133.211247996,105.020597752,136.741234028));
#1278=CARTESIAN_POINT('',(134.08698008,105.102976708,136.732487258));
#1279=CARTESIAN_POINT('',(135.838444246,105.267734621,136.714993718));
#1280=CARTESIAN_POINT('',(137.570654154,105.601897356,136.692590116));
#1281=CARTESIAN_POINT('',(139.279406944,106.111840351,136.665155077));
#1282=CARTESIAN_POINT('',(140.988159735,106.621783347,136.637720038));
#1283=CARTESIAN_POINT('',(142.618609582,107.290907616,136.606141576));
#1284=CARTESIAN_POINT('',(144.173890799,108.112843438,136.570630595));
#1285=CARTESIAN_POINT('',(144.951531407,108.523811348,136.552875104));
#1286=CARTESIAN_POINT('',(145.710240428,108.97326559,136.534129034));
#1287=CARTESIAN_POINT('',(146.449577219,109.46210222,136.5143754));
#1288=CARTESIAN_POINT('',(146.819245615,109.706520534,136.504498583));
#1289=CARTESIAN_POINT('',(147.184726158,109.961295565,136.494350107));
#1290=CARTESIAN_POINT('',(147.543691963,110.225008752,136.483989365));
#1291=CARTESIAN_POINT('',(147.902657768,110.488721938,136.473628623));
#1292=CARTESIAN_POINT('',(148.254036788,110.760529799,136.463088186));
#1293=CARTESIAN_POINT('',(148.597935076,111.040319211,136.452371323));
#1294=CARTESIAN_POINT('',(149.973528225,112.159476859,136.409503869));
#1295=CARTESIAN_POINT('',(151.230515866,113.405180385,136.363839229));
#1296=CARTESIAN_POINT('',(152.366882557,114.77958171,136.315371623));
#1297=B_SPLINE_CURVE_WITH_KNOTS('',3,(#1110,#1111,#1112,#1113,#1114,#1115,#1116,#1117,#1118,#1119,#1120,#1121,#1122,#1123,#1124,#1125,#1126,#1127,#1128,#1129,#1130,#1131,#1132,#1133,#1134,#1135,
#1136,#1137,#1138,#1139,#1140,#1141,#1142,#1143,#1144,#1145,#1146,#1147,#1148,#1149,#1150,#1151,#1152,#1153,#1154,#1155,#1156,#1157,#1158,#1159,#1160,
#1161,#1162,#1163,#1164,#1165,#1166,#1167,#1168,#1169,#1170,#1171,#1172,#1173,#1174,#1175,#1176,#1177,#1178,#1179,#1180,#1181,#1182,#1183,#1184,#1185,
#1186,#1187,#1188,#1189,#1190,#1191,#1192,#1193,#1194,#1195,#1196,#1197,#1198,#1199,#1200,#1201,#1202,#1203,#1204,#1205,#1206,#1207,#1208,#1209,#1210,
#1211,#1212,#1213,#1214,#1215,#1216,#1217,#1218,#1219,#1220,#1221,#1222,#1223,#1224,#1225,#1226,#1227,#1228,#1229,#1230,#1231,#1232,#1233,#1234,#1235,
#1236,#1237,#1238,#1239,#1240,#1241,#1242,#1243,#1244,#1245,#1246,#1247,#1248,#1249,#1250,#1251,#1252,#1253,#1254,#1255,#1256,#1257,#1258,#1259,#1260,
#1261,#1262,#1263,#1264,#1265,#1266,#1267,#1268,#1269,#1270,#1271,#1272,#1273,#1274,#1275,#1276,#1277,#1278,#1279,#1280,#1281,#1282,#1283,#1284,#1285,
#1286,#1287,#1288,#1289,#1290,#1291,#1292,#1293,#1294,#1295,#1296),.UNSPECIFIED.,.T.,.F.,(4,3,3,3,3,3,3,3,3,3,3,3,3,3,3,3,3,3,3,3,3,3,3,3,3,3,
3,3,3,3,3,3,3,3,3,3,3,3,3,3,3,3,3,3,3,3,3,3,3,3,3,
3,3,3,3,3,3,3,3,3,3,3,4),(0.,0.005294616,0.007941923,0.010589231,0.015883847,0.017207501,0.018531154,0.021178462,0.02382577,0.025149424,0.026473078,0.031767693,0.034415001,0.035738655,0.037062309,0.042356924,0.043680578,0.045004232,0.04765154,0.052946155,0.054269809,0.055593463,0.058240771,0.060888079,0.062211733,0.063535387,
0.068830002,0.07147731,0.074124618,0.079419233,0.082066541,0.084713849,0.087361156,0.08868481,0.090008464,0.09530308,0.097950388,0.099274041,0.100597695,0.105892311,0.107215965,0.108539619,0.111186926,0.116481542,0.117805196,0.11912885,0.121776158,0.124423465,0.125747119,0.127070773,0.132365389,
0.135012696,0.13633635,0.137660004,0.14295462,0.145601927,0.148249235,0.153543851,0.158838466,0.161485774,0.162809428,0.164133082,0.169427697),.UNSPECIFIED.);
#1298=EDGE_CURVE('',#919,#702,#1297,.T.);
#1299=ORIENTED_EDGE('',*,*,#1298,.T.);
#1300=EDGE_LOOP('',(#708,#717,#724,#725,#917,#1109,#1299));
#1301=FACE_BOUND('',#1300,.T.);
#1302=CARTESIAN_POINT('',(152.278903146,149.294882866,38.845441365));
#1303=VERTEX_POINT('',#1302);
#1304=CARTESIAN_POINT('',(152.278903146,149.294882866,38.845441365));
#1305=CARTESIAN_POINT('',(152.278903146,149.294882866,37.897365804));
#1306=CARTESIAN_POINT('',(152.354204443,149.20578287,36.970778377));
#1307=CARTESIAN_POINT('',(152.494610402,149.033363736,36.063668347));
#1308=CARTESIAN_POINT('',(152.564813381,148.947154168,35.610113332));
#1309=CARTESIAN_POINT('',(152.651294424,148.839925123,35.161455023));
#1310=CARTESIAN_POINT('',(152.752806532,148.711300708,34.717602425));
#1311=CARTESIAN_POINT('',(152.85431864,148.582676293,34.273749828));
#1312=CARTESIAN_POINT('',(152.969235385,148.434673671,33.84179344));
#1313=CARTESIAN_POINT('',(153.09473,148.268704576,33.422167104));
#1314=CARTESIAN_POINT('',(153.345719231,147.936766385,32.582914431));
#1315=CARTESIAN_POINT('',(153.639260285,147.532970877,31.790424355));
#1316=CARTESIAN_POINT('',(153.960095226,147.056101271,31.040200305));
#1317=CARTESIAN_POINT('',(154.280930166,146.579231664,30.289976255));
#1318=CARTESIAN_POINT('',(154.620798044,146.041207604,29.601121651));
#1319=CARTESIAN_POINT('',(154.964662707,145.443192056,28.969897805));
#1320=CARTESIAN_POINT('',(155.136595039,145.144184281,28.654285881));
#1321=CARTESIAN_POINT('',(155.309704323,144.8298999,28.352998533));
#1322=CARTESIAN_POINT('',(155.482556275,144.499472184,28.066062594));
#1323=CARTESIAN_POINT('',(155.655408228,144.169044467,27.779126655));
#1324=CARTESIAN_POINT('',(155.828258477,143.821716351,27.506307677));
#1325=CARTESIAN_POINT('',(155.996058579,143.464522593,27.253304864));
#1326=CARTESIAN_POINT('',(156.331658785,142.750135077,26.747299237));
#1327=CARTESIAN_POINT('',(156.650551682,141.990282537,26.313928112));
#1328=CARTESIAN_POINT('',(156.943805425,141.180801173,25.954325135));
#1329=CARTESIAN_POINT('',(157.090432297,140.776060492,25.774523646));
#1330=CARTESIAN_POINT('',(157.230656262,140.358833625,25.613317138));
#1331=CARTESIAN_POINT('',(157.363274411,139.928026944,25.471855578));
#1332=CARTESIAN_POINT('',(157.429583486,139.712623604,25.401124798));
#1333=CARTESIAN_POINT('',(157.493831183,139.49425609,25.335531983));
#1334=CARTESIAN_POINT('',(157.555243932,139.275280717,25.275781639));
#1335=CARTESIAN_POINT('',(157.616656682,139.056305344,25.216031296));
#1336=CARTESIAN_POINT('',(157.675441185,138.836061958,25.161899873));
#1337=CARTESIAN_POINT('',(157.731555463,138.614547648,25.11334291));
#1338=CARTESIAN_POINT('',(157.956012577,137.728490408,24.919115056));
#1339=CARTESIAN_POINT('',(158.137858154,136.822232064,24.813222821));
#1340=CARTESIAN_POINT('',(158.273640524,135.894547587,24.799638448));
#1341=CARTESIAN_POINT('',(158.307586117,135.662626468,24.796242355));
#1342=CARTESIAN_POINT('',(158.338645066,135.429357551,24.798670285));
#1343=CARTESIAN_POINT('',(158.36674572,135.194702915,24.807101359));
#1344=CARTESIAN_POINT('',(158.394846374,134.960048279,24.815532432));
#1345=CARTESIAN_POINT('',(158.419868559,134.72484029,24.829976195));
#1346=CARTESIAN_POINT('',(158.441641244,134.491371201,24.850218654));
#1347=CARTESIAN_POINT('',(158.485186614,134.024433023,24.890703572));
#1348=CARTESIAN_POINT('',(158.516078475,133.561723266,24.954417802));
#1349=CARTESIAN_POINT('',(158.535097476,133.103151672,25.04077446));
#1350=CARTESIAN_POINT('',(158.554116477,132.644580077,25.127131118));
#1351=CARTESIAN_POINT('',(158.561258936,132.190146896,25.236132113));
#1352=CARTESIAN_POINT('',(158.557183114,131.73989857,25.367890413));
#1353=CARTESIAN_POINT('',(158.555145203,131.514774406,25.433769564));
#1354=CARTESIAN_POINT('',(158.550301145,131.290698546,25.505348686));
#1355=CARTESIAN_POINT('',(158.542725938,131.067689936,25.582708389));
#1356=CARTESIAN_POINT('',(158.535150732,130.844681326,25.660068092));
#1357=CARTESIAN_POINT('',(158.524823996,130.622755962,25.743251068));
#1358=CARTESIAN_POINT('',(158.512031,130.404490333,25.831210577));
#1359=CARTESIAN_POINT('',(158.46085902,129.531427821,26.183048614));
#1360=CARTESIAN_POINT('',(158.370133515,128.705702844,26.613994111));
#1361=CARTESIAN_POINT('',(158.251338885,127.924610677,27.121432446));
#1362=CARTESIAN_POINT('',(158.221640227,127.729337635,27.24829203));
#1363=CARTESIAN_POINT('',(158.190178112,127.536883021,27.37998377));
#1364=CARTESIAN_POINT('',(158.157121046,127.347262221,27.516570839));
#1365=CARTESIAN_POINT('',(158.12406398,127.157641421,27.653157909));
#1366=CARTESIAN_POINT('',(158.089376052,126.970729949,27.794779913));
#1367=CARTESIAN_POINT('',(158.053641376,126.788505138,27.939877477));
#1368=CARTESIAN_POINT('',(157.982172022,126.424055515,28.230072604));
#1369=CARTESIAN_POINT('',(157.906203662,126.076381895,28.535461666));
#1370=CARTESIAN_POINT('',(157.827453814,125.744832509,28.855822495));
#1371=CARTESIAN_POINT('',(157.669954116,125.081733737,29.496544153));
#1372=CARTESIAN_POINT('',(157.501147197,124.482292231,30.196978819));
#1373=CARTESIAN_POINT('',(157.33490228,123.948992292,30.960786386));
#1374=CARTESIAN_POINT('',(157.168657364,123.415692352,31.724593952));
#1375=CARTESIAN_POINT('',(157.010348636,122.964981226,32.528172923));
#1376=CARTESIAN_POINT('',(156.873223699,122.595262032,33.372977892));
#1377=CARTESIAN_POINT('',(156.80466123,122.410402435,33.795380376));
#1378=CARTESIAN_POINT('',(156.741386122,122.245961712,34.228167504));
#1379=CARTESIAN_POINT('',(156.685088057,122.102806264,34.672023048));
#1380=CARTESIAN_POINT('',(156.628789993,121.959650816,35.115878592));
#1381=CARTESIAN_POINT('',(156.57932065,121.837430375,35.573470843));
#1382=CARTESIAN_POINT('',(156.539454445,121.740212936,36.031524143));
#1383=CARTESIAN_POINT('',(156.459722037,121.545778058,36.947630742));
#1384=CARTESIAN_POINT('',(156.417240966,121.447105891,37.873155531));
#1385=CARTESIAN_POINT('',(156.416150638,121.444534372,38.80827175));
#1386=CARTESIAN_POINT('',(156.415878056,121.443891492,39.042050804));
#1387=CARTESIAN_POINT('',(156.418177396,121.449308113,39.27643331));
#1388=CARTESIAN_POINT('',(156.423083042,121.460899309,39.51143022));
#1389=CARTESIAN_POINT('',(156.427988687,121.472490504,39.746427131));
#1390=CARTESIAN_POINT('',(156.435534383,121.490335805,39.982759562));
#1391=CARTESIAN_POINT('',(156.445624195,121.514319479,40.217897031));
#1392=CARTESIAN_POINT('',(156.465803819,121.562286826,40.688171969));
#1393=CARTESIAN_POINT('',(156.495991489,121.634348066,41.151433168));
#1394=CARTESIAN_POINT('',(156.535029615,121.729429207,41.608063954));
#1395=CARTESIAN_POINT('',(156.574067741,121.824510348,42.06469474));
#1396=CARTESIAN_POINT('',(156.621956884,121.942616602,42.514693755));
#1397=CARTESIAN_POINT('',(156.677454721,122.083418087,42.958266839));
#1398=CARTESIAN_POINT('',(156.732952558,122.224219572,43.401839923));
#1399=CARTESIAN_POINT('',(156.796252068,122.388230979,43.840161711));
#1400=CARTESIAN_POINT('',(156.865403986,122.574205224,44.269540582));
#1401=CARTESIAN_POINT('',(157.003707821,122.946153712,45.128298324));
#1402=CARTESIAN_POINT('',(157.162249839,123.397048503,45.934307853));
#1403=CARTESIAN_POINT('',(157.326797175,123.923037789,46.692796749));
#1404=CARTESIAN_POINT('',(157.491344511,124.449027076,47.451285645));
#1405=CARTESIAN_POINT('',(157.663216405,125.056378769,48.166514624));
#1406=CARTESIAN_POINT('',(157.821178395,125.718470842,48.809523436));
#1407=CARTESIAN_POINT('',(157.979140384,126.380562914,49.452532247));
#1408=CARTESIAN_POINT('',(158.124656673,127.100431693,50.029948496));
#1409=CARTESIAN_POINT('',(158.244706721,127.881240352,50.541164788));
#1410=CARTESIAN_POINT('',(158.304731745,128.271644681,50.796772934));
#1411=CARTESIAN_POINT('',(158.358469313,128.679184413,51.036353526));
#1412=CARTESIAN_POINT('',(158.403064207,129.093272227,51.253472112));
#1413=CARTESIAN_POINT('',(158.447659101,129.507360041,51.470590699));
#1414=CARTESIAN_POINT('',(158.483476698,129.929880934,51.66668642));
#1415=CARTESIAN_POINT('',(158.509434719,130.36080052,51.841982482));
#1416=CARTESIAN_POINT('',(158.561350759,131.222639692,52.192574607));
#1417=CARTESIAN_POINT('',(158.574001205,132.118880966,52.460903799));
#1418=CARTESIAN_POINT('',(158.537281941,133.049177516,52.639835538));
#1419=CARTESIAN_POINT('',(158.500562677,133.979474065,52.818767277));
#1420=CARTESIAN_POINT('',(158.415871987,134.907288292,52.901395596));
#1421=CARTESIAN_POINT('',(158.28266219,135.832406086,52.892014318));
#1422=CARTESIAN_POINT('',(158.216057291,136.294964983,52.887323679));
#1423=CARTESIAN_POINT('',(158.137299593,136.756853093,52.859453421));
#1424=CARTESIAN_POINT('',(158.046169061,137.218061733,52.807883328));
#1425=CARTESIAN_POINT('',(158.000603795,137.448666054,52.782098282));
#1426=CARTESIAN_POINT('',(157.951962388,137.678883148,52.750354887));
#1427=CARTESIAN_POINT('',(157.900893888,137.906058544,52.713126094));
#1428=CARTESIAN_POINT('',(157.849825389,138.133233939,52.675897301));
#1429=CARTESIAN_POINT('',(157.796190729,138.358096347,52.633110993));
#1430=CARTESIAN_POINT('',(157.740101897,138.580718305,52.584909865));
#1431=CARTESIAN_POINT('',(157.515746568,139.471206136,52.392105353));
#1432=CARTESIAN_POINT('',(157.252204374,140.326112957,52.113519314));
#1433=CARTESIAN_POINT('',(156.955737476,141.147797623,51.751165345));
#1434=CARTESIAN_POINT('',(156.881620752,141.35321879,51.660576853));
#1435=CARTESIAN_POINT('',(156.805503635,141.556332548,51.564756478));
#1436=CARTESIAN_POINT('',(156.728247723,141.75534189,51.464689117));
#1437=CARTESIAN_POINT('',(156.650991812,141.954351232,51.364621755));
#1438=CARTESIAN_POINT('',(156.5724091,142.149785797,51.260081776));
#1439=CARTESIAN_POINT('',(156.49265684,142.341779711,51.151164166));
#1440=CARTESIAN_POINT('',(156.33315232,142.725767539,50.933328946));
#1441=CARTESIAN_POINT('',(156.168967156,143.096020665,50.698026796));
#1442=CARTESIAN_POINT('',(156.001337177,143.453279403,50.445532737));
#1443=CARTESIAN_POINT('',(155.833707198,143.810538141,50.193038677));
#1444=CARTESIAN_POINT('',(155.662623877,144.154802039,49.923357807));
#1445=CARTESIAN_POINT('',(155.489379386,144.486420313,49.636139278));
#1446=CARTESIAN_POINT('',(155.40275714,144.65222945,49.492530013));
#1447=CARTESIAN_POINT('',(155.315392293,144.815234841,49.344164598));
#1448=CARTESIAN_POINT('',(155.228334869,144.973873937,49.19248323));
#1449=CARTESIAN_POINT('',(155.141277444,145.132513033,49.040801861));
#1450=CARTESIAN_POINT('',(155.054477073,145.286904292,48.885743008));
#1451=CARTESIAN_POINT('',(154.968116811,145.437183234,48.727323314));
#1452=CARTESIAN_POINT('',(154.622675764,146.038299001,48.09364454));
#1453=CARTESIAN_POINT('',(154.283985459,146.574330229,47.406876955));
#1454=CARTESIAN_POINT('',(153.965357584,147.04827667,46.662978035));
#1455=CARTESIAN_POINT('',(153.885700616,147.16676328,46.477003305));
#1456=CARTESIAN_POINT('',(153.807316514,147.281326667,46.28741594));
#1457=CARTESIAN_POINT('',(153.730461734,147.391923895,46.094060875));
#1458=CARTESIAN_POINT('',(153.653606954,147.502521122,45.900705809));
#1459=CARTESIAN_POINT('',(153.578076402,147.609435593,45.703016951));
#1460=CARTESIAN_POINT('',(153.504898967,147.711551215,45.50285938));
#1461=CARTESIAN_POINT('',(153.358544098,147.915782458,45.102544239));
#1462=CARTESIAN_POINT('',(153.22195852,148.100397317,44.693601793));
#1463=CARTESIAN_POINT('',(153.096844076,148.265908292,44.27578012));
#1464=CARTESIAN_POINT('',(152.846615188,148.596930241,43.440136775));
#1465=CARTESIAN_POINT('',(152.641992109,148.852276764,42.569280108));
#1466=CARTESIAN_POINT('',(152.499370497,149.02751665,41.657800699));
#1467=CARTESIAN_POINT('',(152.428059691,149.115136593,41.202060994));
#1468=CARTESIAN_POINT('',(152.372217599,149.182668962,40.733373002));
#1469=CARTESIAN_POINT('',(152.33502493,149.22748339,40.263304023));
#1470=CARTESIAN_POINT('',(152.297832261,149.272297818,39.793235044));
#1471=CARTESIAN_POINT('',(152.278903146,149.294882866,39.320634652));
#1472=CARTESIAN_POINT('',(152.278903146,149.294882866,38.845441365));
#1473=B_SPLINE_CURVE_WITH_KNOTS('',3,(#1304,#1305,#1306,#1307,#1308,#1309,#1310,#1311,#1312,#1313,#1314,#1315,#1316,#1317,#1318,#1319,#1320,#1321,#1322,#1323,#1324,#1325,#1326,#1327,#1328,#1329,
#1330,#1331,#1332,#1333,#1334,#1335,#1336,#1337,#1338,#1339,#1340,#1341,#1342,#1343,#1344,#1345,#1346,#1347,#1348,#1349,#1350,#1351,#1352,#1353,#1354,
#1355,#1356,#1357,#1358,#1359,#1360,#1361,#1362,#1363,#1364,#1365,#1366,#1367,#1368,#1369,#1370,#1371,#1372,#1373,#1374,#1375,#1376,#1377,#1378,#1379,
#1380,#1381,#1382,#1383,#1384,#1385,#1386,#1387,#1388,#1389,#1390,#1391,#1392,#1393,#1394,#1395,#1396,#1397,#1398,#1399,#1400,#1401,#1402,#1403,#1404,
#1405,#1406,#1407,#1408,#1409,#1410,#1411,#1412,#1413,#1414,#1415,#1416,#1417,#1418,#1419,#1420,#1421,#1422,#1423,#1424,#1425,#1426,#1427,#1428,#1429,
#1430,#1431,#1432,#1433,#1434,#1435,#1436,#1437,#1438,#1439,#1440,#1441,#1442,#1443,#1444,#1445,#1446,#1447,#1448,#1449,#1450,#1451,#1452,#1453,#1454,
#1455,#1456,#1457,#1458,#1459,#1460,#1461,#1462,#1463,#1464,#1465,#1466,#1467,#1468,#1469,#1470,#1471,#1472),.UNSPECIFIED.,.T.,.F.,(4,3,3,3,3,3,3,3,3,3,3,3,3,3,3,3,3,3,3,3,3,3,3,3,3,3,
3,3,3,3,3,3,3,3,3,3,3,3,3,3,3,3,3,3,3,3,3,3,3,3,3,
3,3,3,3,3,4),(0.,0.002797152,0.004195728,0.005594304,0.008391456,0.011188608,0.012587184,0.01398576,0.016782912,0.018181488,0.018880776,0.019580064,0.022377216,0.023076504,0.023775792,0.025174368,0.026572944,0.027272232,0.02797152,0.030768672,0.03146796,0.032167248,0.033565824,0.036362976,0.039160128,0.040558704,
0.04195728,0.044754432,0.04545372,0.046153008,0.047551584,0.04895016,0.050348736,0.053145888,0.05594304,0.058740192,0.060138768,0.061537344,0.064334496,0.067131648,0.068530224,0.069229512,0.0699288,0.072725952,0.07342524,0.074124528,0.075523104,0.076921679,0.077620967,0.078320255,0.081117407,
0.081816695,0.082515983,0.083914559,0.086711711,0.088110287,0.089508863),.UNSPECIFIED.);
#1474=EDGE_CURVE('',#1303,#1303,#1473,.T.);
#1475=ORIENTED_EDGE('',*,*,#1474,.F.);
#1476=EDGE_LOOP('',(#1475));
#1477=FACE_BOUND('',#1476,.T.);
#1478=CARTESIAN_POINT('',(138.02632662,158.198125933,43.));
#1479=VERTEX_POINT('',#1478);
#1480=CARTESIAN_POINT('',(122.736502645,157.502455338,43.));
#1481=VERTEX_POINT('',#1480);
#1482=CARTESIAN_POINT('',(131.558289316,131.984303369,43.));
#1483=DIRECTION('',(0.,0.,1.));
#1484=DIRECTION('',(1.,0.,-0.));
#1485=AXIS2_PLACEMENT_3D('',#1482,#1483,#1484);
#1486=CIRCLE('',#1485,27.);
#1487=EDGE_CURVE('',#1479,#1481,#1486,.T.);
#1488=ORIENTED_EDGE('',*,*,#1487,.T.);
#1489=CARTESIAN_POINT('',(122.736502645,157.502455338,68.));
#1490=VERTEX_POINT('',#1489);
#1491=CARTESIAN_POINT('',(122.736502645,157.502455338,43.));
#1492=DIRECTION('',(-0.,-0.,1.));
#1493=VECTOR('',#1492,25.);
#1494=LINE('',#1491,#1493);
#1495=EDGE_CURVE('',#1481,#1490,#1494,.T.);
#1496=ORIENTED_EDGE('',*,*,#1495,.T.);
#1497=CARTESIAN_POINT('',(138.02632662,158.198125933,68.));
#1498=VERTEX_POINT('',#1497);
#1499=CARTESIAN_POINT('',(131.558289316,131.984303369,68.));
#1500=DIRECTION('',(0.,0.,-1.));
#1501=DIRECTION('',(-1.,0.,0.));
#1502=AXIS2_PLACEMENT_3D('',#1499,#1500,#1501);
#1503=CIRCLE('',#1502,27.);
#1504=EDGE_CURVE('',#1490,#1498,#1503,.T.);
#1505=ORIENTED_EDGE('',*,*,#1504,.T.);
#1506=CARTESIAN_POINT('',(138.02632662,158.198125933,68.));
#1507=DIRECTION('',(0.,0.,-1.));
#1508=VECTOR('',#1507,25.);
#1509=LINE('',#1506,#1508);
#1510=EDGE_CURVE('',#1498,#1479,#1509,.T.);
#1511=ORIENTED_EDGE('',*,*,#1510,.T.);
#1512=EDGE_LOOP('',(#1488,#1496,#1505,#1511));
#1513=FACE_BOUND('',#1512,.T.);
#1514=ADVANCED_FACE('',(#1301,#1477,#1513),#698,.F.);
#1515=CARTESIAN_POINT('',(0.,0.,0.));
#1516=DIRECTION('',(0.,0.,1.));
#1517=DIRECTION('',(1.,0.,0.));
#1518=AXIS2_PLACEMENT_3D('',#1515,#1516,#1517);
#1519=PLANE('',#1518);
#1520=ORIENTED_EDGE('',*,*,#455,.F.);
#1521=ORIENTED_EDGE('',*,*,#462,.F.);
#1522=EDGE_LOOP('',(#1520,#1521));
#1523=FACE_BOUND('',#1522,.T.);
#1524=ADVANCED_FACE('',(#1523),#1519,.F.);
#1525=CARTESIAN_POINT('',(0.,0.,8.));
#1526=DIRECTION('',(0.,0.,1.));
#1527=DIRECTION('',(1.,0.,0.));
#1528=AXIS2_PLACEMENT_3D('',#1525,#1526,#1527);
#1529=PLANE('',#1528);
#1530=ORIENTED_EDGE('',*,*,#716,.F.);
#1531=ORIENTED_EDGE('',*,*,#723,.F.);
#1532=EDGE_LOOP('',(#1530,#1531));
#1533=FACE_BOUND('',#1532,.T.);
#1534=ADVANCED_FACE('',(#1533),#1529,.T.);
#1535=CARTESIAN_POINT('',(122.481025657,155.86435114,55.5));
#1536=DIRECTION('',(0.988055858,-0.154096141,0.));
#1537=DIRECTION('',(0.154096141,0.988055858,0.));
#1538=AXIS2_PLACEMENT_3D('',#1535,#1536,#1537);
#1539=PLANE('',#1538);
#1540=ORIENTED_EDGE('',*,*,#665,.T.);
#1541=CARTESIAN_POINT('',(122.736502645,157.502455338,68.));
#1542=DIRECTION('',(0.154096141,0.988055858,0.));
#1543=VECTOR('',#1542,5.8487472);
#1544=LINE('',#1541,#1543);
#1545=EDGE_CURVE('',#1490,#660,#1544,.T.);
#1546=ORIENTED_EDGE('',*,*,#1545,.F.);
#1547=ORIENTED_EDGE('',*,*,#1495,.F.);
#1548=CARTESIAN_POINT('',(122.736502645,157.502455338,43.));
#1549=DIRECTION('',(0.154096141,0.988055858,0.));
#1550=VECTOR('',#1549,5.8487472);
#1551=LINE('',#1548,#1550);
#1552=EDGE_CURVE('',#1481,#658,#1551,.T.);
#1553=ORIENTED_EDGE('',*,*,#1552,.T.);
#1554=EDGE_LOOP('',(#1540,#1546,#1547,#1553));
#1555=FACE_BOUND('',#1554,.T.);
#1556=ADVANCED_FACE('',(#1555),#1539,.T.);
#1557=CARTESIAN_POINT('',(129.891444596,154.708630086,68.));
#1558=DIRECTION('',(0.,0.,-1.));
#1559=DIRECTION('',(-1.,0.,0.));
#1560=AXIS2_PLACEMENT_3D('',#1557,#1558,#1559);
#1561=PLANE('',#1560);
#1562=ORIENTED_EDGE('',*,*,#689,.T.);
#1563=CARTESIAN_POINT('',(138.02632662,158.198125933,68.));
#1564=DIRECTION('',(0.154096141,0.988055858,0.));
#1565=VECTOR('',#1564,5.210032344);
#1566=LINE('',#1563,#1565);
#1567=EDGE_CURVE('',#1498,#677,#1566,.T.);
#1568=ORIENTED_EDGE('',*,*,#1567,.F.);
#1569=ORIENTED_EDGE('',*,*,#1504,.F.);
#1570=ORIENTED_EDGE('',*,*,#1545,.T.);
#1571=EDGE_LOOP('',(#1562,#1568,#1569,#1570));
#1572=FACE_BOUND('',#1571,.T.);
#1573=ADVANCED_FACE('',(#1572),#1561,.T.);
#1574=CARTESIAN_POINT('',(137.301863535,153.552909032,55.5));
#1575=DIRECTION('',(-0.988055858,0.154096141,0.));
#1576=DIRECTION('',(-0.154096141,-0.988055858,0.));
#1577=AXIS2_PLACEMENT_3D('',#1574,#1575,#1576);
#1578=PLANE('',#1577);
#1579=ORIENTED_EDGE('',*,*,#682,.T.);
#1580=CARTESIAN_POINT('',(138.02632662,158.198125933,43.));
#1581=DIRECTION('',(0.154096141,0.988055858,0.));
#1582=VECTOR('',#1581,5.210032344);
#1583=LINE('',#1580,#1582);
#1584=EDGE_CURVE('',#1479,#668,#1583,.T.);
#1585=ORIENTED_EDGE('',*,*,#1584,.F.);
#1586=ORIENTED_EDGE('',*,*,#1510,.F.);
#1587=ORIENTED_EDGE('',*,*,#1567,.T.);
#1588=EDGE_LOOP('',(#1579,#1585,#1586,#1587));
#1589=FACE_BOUND('',#1588,.T.);
#1590=ADVANCED_FACE('',(#1589),#1578,.T.);
#1591=CARTESIAN_POINT('',(129.891444596,154.708630086,43.));
#1592=DIRECTION('',(0.,0.,1.));
#1593=DIRECTION('',(1.,0.,0.));
#1594=AXIS2_PLACEMENT_3D('',#1591,#1592,#1593);
#1595=PLANE('',#1594);
#1596=ORIENTED_EDGE('',*,*,#674,.T.);
#1597=ORIENTED_EDGE('',*,*,#1552,.F.);
#1598=ORIENTED_EDGE('',*,*,#1487,.F.);
#1599=ORIENTED_EDGE('',*,*,#1584,.T.);
#1600=EDGE_LOOP('',(#1596,#1597,#1598,#1599));
#1601=FACE_BOUND('',#1600,.T.);
#1602=ADVANCED_FACE('',(#1601),#1595,.T.);
#1603=CARTESIAN_POINT('',(131.37,131.2,128.485281374));
#1604=DIRECTION('',(0.,0.,-1.));
#1605=DIRECTION('',(-1.,0.,0.));
#1606=AXIS2_PLACEMENT_3D('',#1603,#1604,#1605);
#1607=CONICAL_SURFACE('',#1606,34.485281374,45.);
#1608=CARTESIAN_POINT('',(98.37,131.2,129.970562748));
#1609=DIRECTION('',(0.707106781,-0.,0.707106781));
#1610=VECTOR('',#1609,8.767505458);
#1611=LINE('',#1608,#1610);
#1612=EDGE_CURVE('',#433,#727,#1611,.T.);
#1613=ORIENTED_EDGE('',*,*,#1612,.T.);
#1614=ORIENTED_EDGE('',*,*,#916,.F.);
#1615=ORIENTED_EDGE('',*,*,#1298,.F.);
#1616=ORIENTED_EDGE('',*,*,#1108,.F.);
#1617=ORIENTED_EDGE('',*,*,#1612,.F.);
#1618=ORIENTED_EDGE('',*,*,#445,.F.);
#1619=EDGE_LOOP('',(#1613,#1614,#1615,#1616,#1617,#1618));
#1620=FACE_BOUND('',#1619,.T.);
#1621=ADVANCED_FACE('',(#1620),#1607,.T.);
#1622=CARTESIAN_POINT('',(153.111169218,135.268831449,38.845441365));
#1623=DIRECTION('',(0.996689495,0.081302223,0.));
#1624=DIRECTION('',(-0.081302223,0.996689495,0.));
#1625=AXIS2_PLACEMENT_3D('',#1622,#1623,#1624);
#1626=CYLINDRICAL_SURFACE('',#1625,14.047283179);
#1627=CARTESIAN_POINT('',(158.620447109,149.812176991,38.845441365));
#1628=DIRECTION('',(-0.996689495,-0.081302223,-0.));
#1629=VECTOR('',#1628,6.36260741);
#1630=LINE('',#1627,#1629);
#1631=EDGE_CURVE('',#467,#1303,#1630,.T.);
#1632=ORIENTED_EDGE('',*,*,#1631,.F.);
#1633=ORIENTED_EDGE('',*,*,#653,.F.);
#1634=ORIENTED_EDGE('',*,*,#1631,.T.);
#1635=ORIENTED_EDGE('',*,*,#1474,.T.);
#1636=EDGE_LOOP('',(#1632,#1633,#1634,#1635));
#1637=FACE_BOUND('',#1636,.T.);
#1638=ADVANCED_FACE('',(#1637),#1626,.F.);
#1639=CLOSED_SHELL('',(#693,#1514,#1524,#1534,#1556,#1573,#1590,#1602,#1621,#1638));
#1640=MANIFOLD_SOLID_BREP('Body 04',#1639);
#424=STYLED_ITEM('',(#183),#1640);
#1642=CARTESIAN_POINT('',(141.692595601,119.235348175,72.990135859));
#1643=DIRECTION('',(0.,0.,-1.));
#1644=DIRECTION('',(-1.,0.,0.));
#1645=AXIS2_PLACEMENT_3D('',#1642,#1643,#1644);
#1646=CYLINDRICAL_SURFACE('',#1645,9.);
#1647=CARTESIAN_POINT('',(132.692595601,119.235348175,7.990135859));
#1648=VERTEX_POINT('',#1647);
#1649=CARTESIAN_POINT('',(132.692595601,119.235348175,72.990135859));
#1650=VERTEX_POINT('',#1649);
#1651=CARTESIAN_POINT('',(132.692595601,119.235348175,7.990135859));
#1652=DIRECTION('',(-0.,-0.,1.));
#1653=VECTOR('',#1652,65.);
#1654=LINE('',#1651,#1653);
#1655=EDGE_CURVE('',#1648,#1650,#1654,.T.);
#1656=ORIENTED_EDGE('',*,*,#1655,.T.);
#1657=CARTESIAN_POINT('',(150.692595601,119.235348175,72.990135859));
#1658=VERTEX_POINT('',#1657);
#1659=CARTESIAN_POINT('',(141.692595601,119.235348175,72.990135859));
#1660=DIRECTION('',(0.,0.,1.));
#1661=DIRECTION('',(1.,-0.,0.));
#1662=AXIS2_PLACEMENT_3D('',#1659,#1660,#1661);
#1663=CIRCLE('',#1662,9.);
#1664=EDGE_CURVE('',#1658,#1650,#1663,.T.);
#1665=ORIENTED_EDGE('',*,*,#1664,.F.);
#1666=CARTESIAN_POINT('',(141.692595601,119.235348175,72.990135859));
#1667=DIRECTION('',(0.,0.,1.));
#1668=DIRECTION('',(1.,-0.,0.));
#1669=AXIS2_PLACEMENT_3D('',#1666,#1667,#1668);
#1670=CIRCLE('',#1669,9.);
#1671=EDGE_CURVE('',#1650,#1658,#1670,.T.);
#1672=ORIENTED_EDGE('',*,*,#1671,.F.);
#1673=ORIENTED_EDGE('',*,*,#1655,.F.);
#1674=CARTESIAN_POINT('',(150.692595601,119.235348175,7.990135859));
#1675=VERTEX_POINT('',#1674);
#1676=CARTESIAN_POINT('',(141.692595601,119.235348175,7.990135859));
#1677=DIRECTION('',(0.,0.,1.));
#1678=DIRECTION('',(1.,-0.,0.));
#1679=AXIS2_PLACEMENT_3D('',#1676,#1677,#1678);
#1680=CIRCLE('',#1679,9.);
#1681=EDGE_CURVE('',#1648,#1675,#1680,.T.);
#1682=ORIENTED_EDGE('',*,*,#1681,.T.);
#1683=CARTESIAN_POINT('',(141.692595601,119.235348175,7.990135859));
#1684=DIRECTION('',(0.,0.,1.));
#1685=DIRECTION('',(1.,-0.,0.));
#1686=AXIS2_PLACEMENT_3D('',#1683,#1684,#1685);
#1687=CIRCLE('',#1686,9.);
#1688=EDGE_CURVE('',#1675,#1648,#1687,.T.);
#1689=ORIENTED_EDGE('',*,*,#1688,.T.);
#1690=EDGE_LOOP('',(#1656,#1665,#1672,#1673,#1682,#1689));
#1691=FACE_BOUND('',#1690,.T.);
#1692=ADVANCED_FACE('',(#1691),#1646,.T.);
#1693=COLOUR_RGB('',0.254901975,0.254901975,0.564705908);
#1694=FILL_AREA_STYLE_COLOUR('',#1693);
#1695=FILL_AREA_STYLE('',(#1694));
#1696=SURFACE_STYLE_FILL_AREA(#1695);
#1697=SURFACE_SIDE_STYLE('',(#1696));
#1698=SURFACE_STYLE_USAGE(.BOTH.,#1697);
#1699=PRESENTATION_STYLE_ASSIGNMENT((#1698));
#1700=OVER_RIDING_STYLED_ITEM('',(#1699),#1692,#1641);
#1701=CARTESIAN_POINT('',(129.669386868,112.576417753,72.990135859));
#1702=DIRECTION('',(0.,0.,1.));
#1703=DIRECTION('',(1.,0.,0.));
#1704=AXIS2_PLACEMENT_3D('',#1701,#1702,#1703);
#1705=PLANE('',#1704);
#1706=ORIENTED_EDGE('',*,*,#1664,.T.);
#1707=ORIENTED_EDGE('',*,*,#1671,.T.);
#1708=EDGE_LOOP('',(#1706,#1707));
#1709=FACE_BOUND('',#1708,.T.);
#1710=ADVANCED_FACE('',(#1709),#1705,.T.);
#1711=CARTESIAN_POINT('',(129.669386868,112.576417753,7.990135859));
#1712=DIRECTION('',(0.,0.,1.));
#1713=DIRECTION('',(1.,0.,0.));
#1714=AXIS2_PLACEMENT_3D('',#1711,#1712,#1713);
#1715=PLANE('',#1714);
#1716=ORIENTED_EDGE('',*,*,#1681,.F.);
#1717=ORIENTED_EDGE('',*,*,#1688,.F.);
#1718=EDGE_LOOP('',(#1716,#1717));
#1719=FACE_BOUND('',#1718,.T.);
#1720=ADVANCED_FACE('',(#1719),#1715,.F.);
#1721=CLOSED_SHELL('',(#1692,#1710,#1720));
#1722=MANIFOLD_SOLID_BREP('Body 01 (2)',#1721);
#1641=STYLED_ITEM('',(#264),#1722);
#1724=CARTESIAN_POINT('',(113.485107421,126.659231072,71.67179041));
#1725=DIRECTION('',(0.,0.,-1.));
#1726=DIRECTION('',(-1.,0.,0.));
#1727=AXIS2_PLACEMENT_3D('',#1724,#1725,#1726);
#1728=CYLINDRICAL_SURFACE('',#1727,9.);
#1729=CARTESIAN_POINT('',(104.485107421,126.659231072,6.67179041));
#1730=VERTEX_POINT('',#1729);
#1731=CARTESIAN_POINT('',(104.485107421,126.659231072,71.67179041));
#1732=VERTEX_POINT('',#1731);
#1733=CARTESIAN_POINT('',(104.485107421,126.659231072,6.67179041));
#1734=DIRECTION('',(-0.,-0.,1.));
#1735=VECTOR('',#1734,65.);
#1736=LINE('',#1733,#1735);
#1737=EDGE_CURVE('',#1730,#1732,#1736,.T.);
#1738=ORIENTED_EDGE('',*,*,#1737,.T.);
#1739=CARTESIAN_POINT('',(122.485107421,126.659231072,71.67179041));
#1740=VERTEX_POINT('',#1739);
#1741=CARTESIAN_POINT('',(113.485107421,126.659231072,71.67179041));
#1742=DIRECTION('',(0.,0.,1.));
#1743=DIRECTION('',(1.,-0.,0.));
#1744=AXIS2_PLACEMENT_3D('',#1741,#1742,#1743);
#1745=CIRCLE('',#1744,9.);
#1746=EDGE_CURVE('',#1740,#1732,#1745,.T.);
#1747=ORIENTED_EDGE('',*,*,#1746,.F.);
#1748=CARTESIAN_POINT('',(113.485107421,126.659231072,71.67179041));
#1749=DIRECTION('',(0.,0.,1.));
#1750=DIRECTION('',(1.,-0.,0.));
#1751=AXIS2_PLACEMENT_3D('',#1748,#1749,#1750);
#1752=CIRCLE('',#1751,9.);
#1753=EDGE_CURVE('',#1732,#1740,#1752,.T.);
#1754=ORIENTED_EDGE('',*,*,#1753,.F.);
#1755=ORIENTED_EDGE('',*,*,#1737,.F.);
#1756=CARTESIAN_POINT('',(122.485107421,126.659231072,6.67179041));
#1757=VERTEX_POINT('',#1756);
#1758=CARTESIAN_POINT('',(113.485107421,126.659231072,6.67179041));
#1759=DIRECTION('',(0.,0.,1.));
#1760=DIRECTION('',(1.,-0.,0.));
#1761=AXIS2_PLACEMENT_3D('',#1758,#1759,#1760);
#1762=CIRCLE('',#1761,9.);
#1763=EDGE_CURVE('',#1730,#1757,#1762,.T.);
#1764=ORIENTED_EDGE('',*,*,#1763,.T.);
#1765=CARTESIAN_POINT('',(113.485107421,126.659231072,6.67179041));
#1766=DIRECTION('',(0.,0.,1.));
#1767=DIRECTION('',(1.,-0.,0.));
#1768=AXIS2_PLACEMENT_3D('',#1765,#1766,#1767);
#1769=CIRCLE('',#1768,9.);
#1770=EDGE_CURVE('',#1757,#1730,#1769,.T.);
#1771=ORIENTED_EDGE('',*,*,#1770,.T.);
#1772=EDGE_LOOP('',(#1738,#1747,#1754,#1755,#1764,#1771));
#1773=FACE_BOUND('',#1772,.T.);
#1774=ADVANCED_FACE('',(#1773),#1728,.T.);
#1775=COLOUR_RGB('',0.447058827,0.447058827,0.862745106);
#1776=FILL_AREA_STYLE_COLOUR('',#1775);
#1777=FILL_AREA_STYLE('',(#1776));
#1778=SURFACE_STYLE_FILL_AREA(#1777);
#1779=SURFACE_SIDE_STYLE('',(#1778));
#1780=SURFACE_STYLE_USAGE(.BOTH.,#1779);
#1781=PRESENTATION_STYLE_ASSIGNMENT((#1780));
#1782=OVER_RIDING_STYLED_ITEM('',(#1781),#1774,#1723);
#1783=CARTESIAN_POINT('',(101.461898688,120.00030065,71.67179041));
#1784=DIRECTION('',(0.,0.,1.));
#1785=DIRECTION('',(1.,0.,0.));
#1786=AXIS2_PLACEMENT_3D('',#1783,#1784,#1785);
#1787=PLANE('',#1786);
#1788=ORIENTED_EDGE('',*,*,#1746,.T.);
#1789=ORIENTED_EDGE('',*,*,#1753,.T.);
#1790=EDGE_LOOP('',(#1788,#1789));
#1791=FACE_BOUND('',#1790,.T.);
#1792=ADVANCED_FACE('',(#1791),#1787,.T.);
#1793=CARTESIAN_POINT('',(101.461898688,120.00030065,6.67179041));
#1794=DIRECTION('',(0.,0.,1.));
#1795=DIRECTION('',(1.,0.,0.));
#1796=AXIS2_PLACEMENT_3D('',#1793,#1794,#1795);
#1797=PLANE('',#1796);
#1798=ORIENTED_EDGE('',*,*,#1763,.F.);
#1799=ORIENTED_EDGE('',*,*,#1770,.F.);
#1800=EDGE_LOOP('',(#1798,#1799));
#1801=FACE_BOUND('',#1800,.T.);
#1802=ADVANCED_FACE('',(#1801),#1797,.F.);
#1803=CLOSED_SHELL('',(#1774,#1792,#1802));
#1804=MANIFOLD_SOLID_BREP('Body 01 (1)',#1803);
#1723=STYLED_ITEM('',(#264),#1804);
#1806=CARTESIAN_POINT('',(135.685013652,142.735934898,77.612854262));
#1807=DIRECTION('',(0.,0.,-1.));
#1808=DIRECTION('',(-1.,0.,0.));
#1809=AXIS2_PLACEMENT_3D('',#1806,#1807,#1808);
#1810=CYLINDRICAL_SURFACE('',#1809,9.);
#1811=CARTESIAN_POINT('',(126.685013652,142.735934898,12.612854262));
#1812=VERTEX_POINT('',#1811);
#1813=CARTESIAN_POINT('',(126.685013652,142.735934898,77.612854262));
#1814=VERTEX_POINT('',#1813);
#1815=CARTESIAN_POINT('',(126.685013652,142.735934898,12.612854262));
#1816=DIRECTION('',(-0.,-0.,1.));
#1817=VECTOR('',#1816,65.);
#1818=LINE('',#1815,#1817);
#1819=EDGE_CURVE('',#1812,#1814,#1818,.T.);
#1820=ORIENTED_EDGE('',*,*,#1819,.T.);
#1821=CARTESIAN_POINT('',(144.685013652,142.735934898,77.612854262));
#1822=VERTEX_POINT('',#1821);
#1823=CARTESIAN_POINT('',(135.685013652,142.735934898,77.612854262));
#1824=DIRECTION('',(0.,0.,1.));
#1825=DIRECTION('',(1.,-0.,0.));
#1826=AXIS2_PLACEMENT_3D('',#1823,#1824,#1825);
#1827=CIRCLE('',#1826,9.);
#1828=EDGE_CURVE('',#1822,#1814,#1827,.T.);
#1829=ORIENTED_EDGE('',*,*,#1828,.F.);
#1830=CARTESIAN_POINT('',(135.685013652,142.735934898,77.612854262));
#1831=DIRECTION('',(0.,0.,1.));
#1832=DIRECTION('',(1.,-0.,0.));
#1833=AXIS2_PLACEMENT_3D('',#1830,#1831,#1832);
#1834=CIRCLE('',#1833,9.);
#1835=EDGE_CURVE('',#1814,#1822,#1834,.T.);
#1836=ORIENTED_EDGE('',*,*,#1835,.F.);
#1837=ORIENTED_EDGE('',*,*,#1819,.F.);
#1838=CARTESIAN_POINT('',(144.685013652,142.735934898,12.612854262));
#1839=VERTEX_POINT('',#1838);
#1840=CARTESIAN_POINT('',(135.685013652,142.735934898,12.612854262));
#1841=DIRECTION('',(0.,0.,1.));
#1842=DIRECTION('',(1.,-0.,0.));
#1843=AXIS2_PLACEMENT_3D('',#1840,#1841,#1842);
#1844=CIRCLE('',#1843,9.);
#1845=EDGE_CURVE('',#1812,#1839,#1844,.T.);
#1846=ORIENTED_EDGE('',*,*,#1845,.T.);
#1847=CARTESIAN_POINT('',(135.685013652,142.735934898,12.612854262));
#1848=DIRECTION('',(0.,0.,1.));
#1849=DIRECTION('',(1.,-0.,0.));
#1850=AXIS2_PLACEMENT_3D('',#1847,#1848,#1849);
#1851=CIRCLE('',#1850,9.);
#1852=EDGE_CURVE('',#1839,#1812,#1851,.T.);
#1853=ORIENTED_EDGE('',*,*,#1852,.T.);
#1854=EDGE_LOOP('',(#1820,#1829,#1836,#1837,#1846,#1853));
#1855=FACE_BOUND('',#1854,.T.);
#1856=ADVANCED_FACE('',(#1855),#1810,.T.);
#1857=COLOUR_RGB('',0.380392164,0.380392164,0.854901969);
#1858=FILL_AREA_STYLE_COLOUR('',#1857);
#1859=FILL_AREA_STYLE('',(#1858));
#1860=SURFACE_STYLE_FILL_AREA(#1859);
#1861=SURFACE_SIDE_STYLE('',(#1860));
#1862=SURFACE_STYLE_USAGE(.BOTH.,#1861);
#1863=PRESENTATION_STYLE_ASSIGNMENT((#1862));
#1864=OVER_RIDING_STYLED_ITEM('',(#1863),#1856,#1805);
#1865=CARTESIAN_POINT('',(123.661804919,136.077004475,77.612854262));
#1866=DIRECTION('',(0.,0.,1.));
#1867=DIRECTION('',(1.,0.,0.));
#1868=AXIS2_PLACEMENT_3D('',#1865,#1866,#1867);
#1869=PLANE('',#1868);
#1870=ORIENTED_EDGE('',*,*,#1828,.T.);
#1871=ORIENTED_EDGE('',*,*,#1835,.T.);
#1872=EDGE_LOOP('',(#1870,#1871));
#1873=FACE_BOUND('',#1872,.T.);
#1874=ADVANCED_FACE('',(#1873),#1869,.T.);
#1875=CARTESIAN_POINT('',(123.661804919,136.077004475,12.612854262));
#1876=DIRECTION('',(0.,0.,1.));
#1877=DIRECTION('',(1.,0.,0.));
#1878=AXIS2_PLACEMENT_3D('',#1875,#1876,#1877);
#1879=PLANE('',#1878);
#1880=ORIENTED_EDGE('',*,*,#1845,.F.);
#1881=ORIENTED_EDGE('',*,*,#1852,.F.);
#1882=EDGE_LOOP('',(#1880,#1881));
#1883=FACE_BOUND('',#1882,.T.);
#1884=ADVANCED_FACE('',(#1883),#1879,.F.);
#1885=CLOSED_SHELL('',(#1856,#1874,#1884));
#1886=MANIFOLD_SOLID_BREP('Body 01',#1885);
#1805=STYLED_ITEM('',(#264),#1886);
#16=SHAPE_REPRESENTATION('root',(#15),#10);
#17=ADVANCED_BREP_SHAPE_REPRESENTATION('root',(#176,#257,#423,#1640,#1722,#1804,#1886),#10);
#1894=SHAPE_REPRESENTATION_RELATIONSHIP('','',#16,#17);
#1895=CARTESIAN_POINT('',(0.,0.,0.));
#1896=DIRECTION('',(0.,0.,1.));
#1897=DIRECTION('',(1.,0.,0.));
#1898=AXIS2_PLACEMENT_3D('',#1895,#1896,#1897);
#1900=MAPPED_ITEM('',#1899,#1898);
#1899=REPRESENTATION_MAP(#1898,#16);
#1901=APPLICATION_CONTEXT('Managed model based 3d engineering');
#1902=APPLICATION_PROTOCOL_DEFINITION('international standard','ap242_managed_model_based_3d_engineering',2014,#1901);
#1903=PRODUCT_CONTEXT('',#1901,'mechanical');
#1904=PRODUCT_DEFINITION_CONTEXT('part definition',#1901,'design');
#24=PRODUCT('root','root','',(#1903));
#1905=PRODUCT_RELATED_PRODUCT_CATEGORY('part','',(#24));
#1906=PRODUCT_DEFINITION_FORMATION_WITH_SPECIFIED_SOURCE('','',#24,.NOT_KNOWN.);
#25=PRODUCT_DEFINITION('design','',#1906,#1904);
#23=PRODUCT_DEFINITION_SHAPE('','',#25);
#1907=SHAPE_DEFINITION_REPRESENTATION(#23,#16);
#11=DRAUGHTING_MODEL('',(#1900),#10);
#1908=DESCRIPTIVE_REPRESENTATION_ITEM('KEY','/private/var/mobile/Containers/Data/Application/96EA6774-B8AA-4A85-BAF3-DC6709B29A81/tmp/C8387390-E32D-4879-A69E-EA06D36D5FB1.tmp');
#1909=PROPERTY_DEFINITION('KEY','',#25);
#1910=REPRESENTATION('',(#1908),#10);
#1911=PROPERTY_DEFINITION_REPRESENTATION(#1909,#1910);
#1912=GENERAL_PROPERTY('','KEY','');
#1913=GENERAL_PROPERTY_ASSOCIATION('','',#1912,#1909);
#1=MECHANICAL_DESIGN_GEOMETRIC_PRESENTATION_REPRESENTATION('',(#26,#184,#409,#265,#424,#1700,#1641,#1782,#1723,#1864,#1805),#10);
ENDSEC;
END-ISO-10303-21;
